nome_escola,A,B,C,D,E,F,total_exames,total_alunos,ANO,Latitude,Longitude,coordenadas,longUTM,LatUTM
Colégio Cristo Rei,137,20,5,24,8,0,194,0,2003,"-22,1197155","-51,38882519","-51.38882518798648, -22.11971549619148",459898,7553870
Creche Anita Ferreira B. de Oliveira,94,3,1,3,10,3,114,0,2003,"-22,12931948","-51,39093791","-51.3909379079446, -22.1293194767267",459683,7552807
Creche C. S. Vicente Palotti – Lar dos Meninos,86,5,0,13,17,3,124,0,2003,"-22,09893604","-51,42313062","-51.42313061703766, -22.098936040183247",456354,7556161
Creche Clotilde Veiga de Barros,87,1,2,2,12,1,105,0,2003,"-22,10980342","-51,39429739","-51.3942973891786, -22.1098034221683",459331,7554966
Creche Meimei,77,1,0,4,15,0,97,0,2003,"-22,12970947","-51,41285799","-51.4128579891779, -22.129709471891232",457423,7552758
Creche UNESP,37,4,0,1,9,0,51,0,2003,"-22,11886076","-51,4092135","-51.409213504521, -22.1188607558322",457795,7553959
Creche Walter Figueiredo,56,2,10,2,12,2,84,0,2003,"-22,10895326","-51,38626791","-51.3862679124659, -22.1089532609603",460159,7555062
EE A. Arruda Mello,141,111,7,70,38,1,368,0,2003,"-22,12223576","-51,38954147","-51.389541472641135, -22.122235760751867",459825,7553591
EE Anna Antônio,154,115,46,93,80,32,520,826,2003,"-22,0910867","-51,38581814","-51.3858181413021, -22.0910867030776",460200,7557040
EE Antônio Fioravante de Menezes,113,164,140,0,9,1,427,857,2003,"-22,12970947","-51,3827848","-51.3827848045204, -22.1297094718912",460524,7552766
EE Arlindo Fantini,93,89,35,37,58,9,321,706,2003,"-22,10912648","-51,41076015","-51.41076014685, -22.1091264813455",457633,7555037
EE Celestina M. Teixeira,93,43,1,39,46,9,231,333,2003,"-21,95928647","-51,30795348","-51.30795347820825, -21.95928646996887",468203,7571647
EE Clotilde Veiga de Barros,179,114,6,32,247,31,609,1225,2003,"-22,14705769","-51,38574058","-51.3857405756843, -22.1470576858688",460224,7550845
EE Fátima Ap. Costa Falcon,104,87,13,23,42,3,272,759,2003,"-22,11761457","-51,43414793","-51.43414793335647, -22.11761457194364",455223,7554090
EE Fernando Costa,221,120,249,0,19,2,611,1695,2003,"-22,12019229","-51,3873924","-51.3873923952734, -22.1201922926299",460046,7553818
EE Florivaldo Leal,189,158,10,6,72,7,442,1161,2003,"-22,12919703","-51,39326659","-51.3932665939704, -22.1291970251408",459443,7552820
EE Francisco Pessoa,251,367,201,0,58,5,882,1719,2003,"-22,15301289","-51,45192393","-51.4519239278068, -22.1530128905198",453401,7550167
EE Hugo Miele,222,264,11,5,81,16,599,1020,2003,"-22,11208739","-51,39147965","-51.39147965164236, -22.11208738847396",459622,7554714
EE João Alfredo da Silva (Eneida),13,28,1,9,16,8,75,80,2003,"-21,91387708","-51,30195046","-51.30195046100961, -21.91387708270785",468813,7576674
EE José Foz,91,142,18,63,55,13,382,435,2003,"-22,12208117","-51,37673732","-51.37673732041002, -22.12208117264124",461146,7553612
EE Maria Luiza Bastos,172,125,12,27,52,8,396,758,2003,"-22,13214161","-51,40524606","-51.40524605903943, -22.13214160526277",458208,7552491
EE Maria Luiza Formozinho Ribeiro,166,108,32,30,30,6,372,884,2003,"-22,12205514","-51,39966794","-51.39966793575265, -22.12205514355007",458781,7553609
EE Marieta Ferraz de Assunção,144,116,9,83,77,26,455,746,2003,"-22,13826568","-51,38899915","-51.38899915479362, -22.13826568169748",459886,7551817
EE Marrey Junior,146,158,30,145,99,52,630,1407,2003,"-22,10681416","-51,39622964","-51.39622963760267, -22.10681415866147",459131,7555296
EE Miguel Omar Bareto,102,72,39,113,73,29,428,950,2003,"-22,13297741","-51,437803","-51.43780300136813, -22.13297740614673",454851,7552389
EE Mirella P. Desidere,138,91,0,41,42,5,317,1339,2003,"-22,1103463","-51,4287836","-51.42878359712329, -22.11034630426748",455774,7554896
EE Pedro Tofano –Montalvão,88,81,8,68,70,16,331,591,2003,"-22,0511197","-51,34701711","-51.34701710876899, -22.0511197037584",464193,7561474
EE Placídio Braga Nogueira,247,246,98,67,151,109,918,1050,2003,"-22,13864919","-51,37491486","-51.37491485903934, -22.13864918512999",461338,7551778
EE Tannel Abud,131,133,33,54,58,10,419,1179,2003,"-22,11460143","-51,37609601","-51.37609600506788, -22.11460142859055",461210,7554440
EE Zilda Ruiz,39,18,8,26,51,10,152,0,2003,"-22,13970866","-51,38395887","-51.38395887264059, -22.139708662143217",460406,7551659
EM Alayde T. F. Motta,147,43,47,94,121,34,486,657,2003,"-22,14473417","-51,38256092","-51.38256091616356, -22.14473416973062",460551,7551103
EM Antonio Moreira Lima,189,81,25,44,109,36,484,508,2003,"-22,16016961","-51,45548561","-51.45548561137047, -22.16016960807991",453037,7549373
EM Aparecida Alves,114,14,8,25,28,4,193,494,2003,"-22,14361969","-51,39497096","-51.39497095849231, -22.14361969237946",459271,7551223
EM Aziz Felipe,21,0,0,0,1,0,22,76,2003,"-22,13422737","-51,3772764","-51.3772763958197, -22.13422737453585",461093,7552267
EM Carlos A. A. Campos (Eneida),33,28,6,19,20,8,114,53,2003,"-21,91682868","-51,3019639","-51.30196390452799, -21.91682867862754",468812,7576348
EM Carlos Braga (Ameliópolis),9,13,4,43,20,4,93,0,2003,"-21,80226704","-51,29735029","-51.29735028788697, -21.80226703609472",469264,7589029
EM Carlos Castilho Cabral,140,51,60,15,72,32,370,367,2003,"-22,09901054","-51,39297155","-51.39297155109593, -22.09901054208509",459465,7556161
EM Carmem Pereira Delfim,194,55,29,37,104,47,466,457,2003,"-22,13491679","-51,38146344","-51.38146344184742, -22.13491678924642",460662,7552190
EM Catarina Martins Artero,111,69,77,15,34,23,329,0,2003,"-22,1101911","-51,38068432","-51.38068432225982, -22.11019110237303",460735,7554927
EM Ditão,259,75,27,11,132,12,516,707,2003,"-22,10844038","-51,43157964","-51.43157963945204, -22.10844038037896",455485,7555107
EM Domingos F. de Medeiros,189,33,6,50,118,25,421,541,2003,"-22,1050689","-51,3892446","-51.38924460397457, -22.10506889832062",459851,7555491
EM Ederle Marangoni Dias,35,0,0,18,0,6,59,361,2003,"-22,10983998","-51,41971103","-51.41971103335685, -22.10983998169054",456710,7554955
EM Edna Carnelós Barbosa,97,0,2,0,3,0,102,149,2003,"-22,13865497","-51,38462796","-51.3846279645877, -22.13865497431422",460336,7551775
EM Edson Lopes,104,0,0,0,1,1,106,135,2003,"-22,14321923","-51,3936022","-51.39360220147683, -22.143219229454",459412,7551268
EM Eluísa R. Rodrigues,145,24,130,0,21,15,335,325,2003,"-22,11928173","-51,3870863","-51.38708629701948, -22.11928173266724",460077,7553919
EM Emilio Becker,279,119,70,7,135,26,636,627,2003,"-22,12770858","-51,377025","-51.37702499766941, -22.12770857779658",461117,7552989
EM Ettore Marangoni,50,0,0,13,13,1,77,139,2003,"-22,05108147","-51,34593889","-51.34593888602856, -22.05108146789168",464304,7561478
EM Francisca A. Góes Brandão,129,37,39,125,24,18,372,0,2003,"-22,13354296","-51,39984915","-51.39984915164156, -22.13354295954356",458765,7552337
EM Giseli Dalefi,153,34,17,117,95,35,451,741,2003,"-22,12946427","-51,44598922","-51.44598922040981, -22.12946427152818",454006,7552775
EM Ivo Garrido,59,25,0,28,38,6,156,0,2003,"-22,10222191","-51,43296095","-51.43296095109594, -22.10222191202309",455341,7555794
EM João Bohac,91,34,31,55,71,29,311,324,2003,"-22,14261288","-51,38408509","-51.38408509342323, -22.14261287878046",460393,7551337
EM João Franco de Godoy,262,169,8,0,130,7,576,598,2003,"-22,11324649","-51,39544043","-51.39544042835509, -22.1132464852897",459214,7554585
EM João Sebastião Lisboa,280,128,0,0,94,28,530,0,2003,"-22,12213719","-51,39951685","-51.39951685164191, -22.12213719468566",458796,7553599
EM José Carlos João,224,106,116,60,77,26,609,0,2003,"-22,14243888","-51,39100198","-51.39100198417588, -22.14243887858406",459680,7551355
EM José Carlos Pimenta,233,83,65,24,73,34,512,659,2003,"-22,11462692","-51,40558757","-51.40558757449566, -22.11462692157064",458168,7554429
EM José Soares Marcondes,207,102,4,37,98,105,553,0,2003,"-22,11933127","-51,38298954","-51.38298954369755, -22.11933127012247",460500,7553914
EM Jovita Terin,127,7,0,1,31,1,167,354,2003,"-22,08693107","-51,38393579","-51.38393578993529, -22.08693107237039",460393,7557501
EM Juracy Menezes Peralta,95,26,15,75,136,47,394,580,2003,"-22,08627167","-51,39632847","-51.39632847068484, -22.0862716737455",459115,7557570
EM Karina Krasucki,394,10,3,15,71,16,509,558,2003,"-22,15950528","-51,45422221","-51.4542222130108, -22.1595052797793",453167,7549447
EM Krisan Martin,29,44,8,22,63,5,171,0,2003,"-22,12864525","-51,44684507","-51.44684507, -22.12864525",453917,7552866
EM Maria do Socorro B. Almeida,145,78,5,64,126,34,452,467,2003,"-22,11417447","-51,43143416","-51.43143416, -22.11417447",455502,7554472
EM Maria Edite T. Perrone,23,0,1,1,3,1,29,231,2003,"-22,15396427","-51,38158887","-51.38158887, -22.15396427",460654,7550081
EM Maria Haddad Haidamus,50,0,3,17,8,4,82,124,2003,"-22,11815423","-51,37419753","-51.37419753, -22.11815423",461406,7554047
EM Nair Lebrão,56,0,0,2,1,1,60,83,2003,"-22,11241179","-51,4316003","-51.4316003, -22.11241179",455484,7554667
EM Nazarena Zamit,150,17,21,28,74,19,309,437,2003,"-22,13891023","-51,37550388","-51.37550388, -22.13891023",461277,7551749
EM Nirma Jorge,30,14,0,23,14,8,89,0,2003,"-22,08290807","-51,42601293","-51.42601292846014, -22.08290806964687",456051,7557934
EM Ocyr Azevedo,107,39,0,22,55,6,229,438,2003,"-22,10965964","-51,41226432","-51.41226432, -22.10965964",457478,7554977
EM Pedro Furquim,149,112,96,11,56,75,499,521,2003,"-22,12320378","-51,37495963","-51.37495963, -22.12320378",461329,7553488
EM Rosy Odethy R. Brandão,81,31,15,39,40,8,214,335,2003,"-22,09506859","-51,40325912","-51.40325912, -22.09506859",458402,7556595
EM Rui Carlos V. Berbet,80,44,36,133,198,176,667,777,2003,"-22,08600556","-51,38078723","-51.38078723, -22.08600556",460718,7557604
EM Valter Marques,45,2,0,30,19,0,96,126,2003,"-22,10436741","-51,38852207","-51.38852207264139, -22.10436741481833",459925,7555569
EM Vilma G. Martinez (Cedral),129,43,15,63,109,23,382,674,2003,"-22,1193264","-51,42795136","-51.42795136, -22.1193264",455863,7553903
Colégio Cristo Rei,328,18,1,16,10,0,373,0,2004,"-22,1197155","-51,38882519","-51.38882518798648, -22.11971549619148",459898,7553870
Creche Anita Ferreira B. de Oliveira,88,2,1,0,2,3,96,0,2004,"-22,12931948","-51,39093791","-51.3909379079446, -22.1293194767267",459683,7552807
Creche C. S. Vicente Palotti – Lar dos Meninos,67,8,0,30,13,0,118,0,2004,"-22,09893604","-51,42313062","-51.42313061703766, -22.098936040183247",456354,7556161
Creche Clotilde Veiga de Barros,52,1,0,27,10,4,94,0,2004,"-22,10980342","-51,39429739","-51.3942973891786, -22.1098034221683",459331,7554966
Creche Meimei,72,3,0,0,8,0,83,0,2004,"-22,12970947","-51,41285799","-51.4128579891779, -22.129709471891232",457423,7552758
Creche UNESP,58,3,0,0,7,0,68,0,2004,"-22,11886076","-51,4092135","-51.409213504521, -22.1188607558322",457795,7553959
Creche Walter Figueiredo,112,1,0,3,7,5,128,0,2004,"-22,10895326","-51,38626791","-51.3862679124659, -22.1089532609603",460159,7555062
EE A. Arruda Mello,199,134,38,14,39,3,427,0,2004,"-22,12223576","-51,38954147","-51.389541472641135, -22.122235760751867",459825,7553591
EE Anna Antônio,312,133,0,15,118,15,593,837,2004,"-22,0910867","-51,38581814","-51.3858181413021, -22.0910867030776",460200,7557040
EE Antônio Fioravante de Menezes,124,14,223,8,6,9,384,621,2004,"-22,12970947","-51,3827848","-51.3827848045204, -22.1297094718912",460524,7552766
EE Arlindo Fantini,155,111,2,3,38,2,311,888,2004,"-22,10912648","-51,41076015","-51.41076014685, -22.1091264813455",457633,7555037
EE Celestina M. Teixeira,72,55,0,10,37,2,176,315,2004,"-21,95928647","-51,30795348","-51.30795347820825, -21.95928646996887",468203,7571647
EE Clotilde Veiga de Barros,201,96,0,27,207,18,549,1214,2004,"-22,14705769","-51,38574058","-51.3857405756843, -22.1470576858688",460224,7550845
EE Fátima Ap. Costa Falcon,116,114,0,25,43,4,302,619,2004,"-22,11761457","-51,43414793","-51.43414793335647, -22.11761457194364",455223,7554090
EE Fernando Costa,501,152,307,0,53,1,1014,1521,2004,"-22,12019229","-51,3873924","-51.3873923952734, -22.1201922926299",460046,7553818
EE Florivaldo Leal,153,87,14,2,63,3,322,1063,2004,"-22,12919703","-51,39326659","-51.3932665939704, -22.1291970251408",459443,7552820
EE Hugo Miele,311,259,1,7,95,14,687,922,2004,"-22,11208739","-51,39147965","-51.39147965164236, -22.11208738847396",459622,7554714
EE João Alfredo da Silva (Eneida),29,28,0,4,22,2,85,94,2004,"-21,91387708","-51,30195046","-51.30195046100961, -21.91387708270785",468813,7576674
EE Joel Antônio de Lima Genésio,164,91,0,11,109,1,376,378,2004,"-22,11444383","-51,42615186","-51.42615185849335, -22.11444383299049",456047,7554444
EE José Foz,111,111,0,38,48,9,317,381,2004,"-22,12208117","-51,37673732","-51.37673732041002, -22.12208117264124",461146,7553612
EE Maria Luiza Bastos,164,118,9,38,24,3,356,718,2004,"-22,13214161","-51,40524606","-51.40524605903943, -22.13214160526277",458208,7552491
EE Maria Luiza Formozinho Ribeiro,244,110,0,55,53,1,463,823,2004,"-22,12205514","-51,39966794","-51.39966793575265, -22.12205514355007",458781,7553609
EE Marieta Ferraz de Assunção,191,149,0,88,67,8,503,721,2004,"-22,13826568","-51,38899915","-51.38899915479362, -22.13826568169748",459886,7551817
EE Marrey Junior,140,161,63,155,64,40,623,1229,2004,"-22,10681416","-51,39622964","-51.39622963760267, -22.10681415866147",459131,7555296
EE Miguel Omar Bareto,215,118,6,27,59,12,437,843,2004,"-22,13297741","-51,437803","-51.43780300136813, -22.13297740614673",454851,7552389
EE Mirella P. Desidere,101,147,35,93,5,3,384,1273,2004,"-22,1103463","-51,4287836","-51.42878359712329, -22.11034630426748",455774,7554896
EE Pedro Tofano –Montalvão,145,85,0,26,79,1,336,559,2004,"-22,0511197","-51,34701711","-51.34701710876899, -22.0511197037584",464193,7561474
EE Placídio Braga Nogueira,257,250,105,26,193,71,902,1069,2004,"-22,13864919","-51,37491486","-51.37491485903934, -22.13864918512999",461338,7551778
EE Tannel Abud,230,170,8,52,33,7,500,1144,2004,"-22,11460143","-51,37609601","-51.37609600506788, -22.11460142859055",461210,7554440
EE Zilda Ruiz,23,25,2,14,28,0,92,0,2004,"-22,13970866","-51,38395887","-51.38395887264059, -22.139708662143217",460406,7551659
EM Alberto Bernardes Sotelo,60,0,8,2,9,0,79,94,2004,"-22,13978827","-51,35372317","-51.35372316886564, -22.13978827470154",463524,7551657
EM Antonio Moreira Lima,180,71,0,22,139,24,436,472,2004,"-22,16016961","-51,45548561","-51.45548561137047, -22.16016960807991",453037,7549373
EM Aparecida Alves,82,12,2,34,34,15,179,481,2004,"-22,14361969","-51,39497096","-51.39497095849231, -22.14361969237946",459271,7551223
EM Aziz Felipe,188,21,0,46,54,5,314,373,2004,"-22,13422737","-51,3772764","-51.3772763958197, -22.13422737453585",461093,7552267
EM Carlos A. A. Campos (Eneida),23,1,0,0,5,0,29,55,2004,"-21,91682868","-51,3019639","-51.30196390452799, -21.91682867862754",468812,7576348
EM Carlos Braga (Ameliópolis),50,38,3,1,19,4,115,0,2004,"-21,80226704","-51,29735029","-51.29735028788697, -21.80226703609472",469264,7589029
EM Carmem Pereira Delfim,98,48,2,36,93,6,283,388,2004,"-22,13491679","-51,38146344","-51.38146344184742, -22.13491678924642",460662,7552190
EM Catarina Martins Artero,96,66,30,33,80,42,347,0,2004,"-22,1101911","-51,38068432","-51.38068432225982, -22.11019110237303",460735,7554927
EM Ditão,268,33,9,27,134,9,480,614,2004,"-22,10844038","-51,43157964","-51.43157963945204, -22.10844038037896",455485,7555107
EM Ederle Marangoni Dias,233,4,0,0,29,0,266,356,2004,"-22,10983998","-51,41971103","-51.41971103335685, -22.10983998169054",456710,7554955
EM Edna Carnelós Barbosa,150,0,0,8,5,0,163,153,2004,"-22,13865497","-51,38462796","-51.3846279645877, -22.13865497431422",460336,7551775
EM Edson Lopes,119,0,0,0,3,0,122,123,2004,"-22,14321923","-51,3936022","-51.39360220147683, -22.143219229454",459412,7551268
EM Emilio Becker,265,173,52,2,92,8,592,573,2004,"-22,12770858","-51,377025","-51.37702499766941, -22.12770857779658",461117,7552989
EM Ettore Marangoni,72,2,3,4,22,0,103,162,2004,"-22,05108147","-51,34593889","-51.34593888602856, -22.05108146789168",464304,7561478
EM Francisca A. Góes Brandão,137,56,62,17,10,15,297,0,2004,"-22,13354296","-51,39984915","-51.39984915164156, -22.13354295954356",458765,7552337
EM Giseli Dalefi,206,59,3,75,116,53,512,757,2004,"-22,12946427","-51,44598922","-51.44598922040981, -22.12946427152818",454006,7552775
EM Ivo Garrido,69,29,0,1,36,4,139,0,2004,"-22,10222191","-51,43296095","-51.43296095109594, -22.10222191202309",455341,7555794
EM João Bohac,139,21,92,4,1,1,258,311,2004,"-22,14261288","-51,38408509","-51.38408509342323, -22.14261287878046",460393,7551337
EM João Franco de Godoy,246,116,27,0,164,0,553,596,2004,"-22,11324649","-51,39544043","-51.39544042835509, -22.1132464852897",459214,7554585
EM José Carlos João,214,204,20,17,99,46,600,0,2004,"-22,14243888","-51,39100198","-51.39100198417588, -22.14243887858406",459680,7551355
EM José Carlos Pimenta,233,83,65,24,73,34,512,572,2004,"-22,11462692","-51,40558757","-51.40558757449566, -22.11462692157064",458168,7554429
EM José Soares Marcondes,243,98,10,9,115,136,611,0,2004,"-22,11933127","-51,38298954","-51.38298954369755, -22.11933127012247",460500,7553914
EM Jovita Terin,109,14,7,12,57,11,210,334,2004,"-22,08693107","-51,38393579","-51.38393578993529, -22.08693107237039",460393,7557501
EM Juracy Menezes Peralta,130,41,0,16,167,10,364,597,2004,"-22,08627167","-51,39632847","-51.39632847068484, -22.0862716737455",459115,7557570
EM Karina Krasucki,394,20,4,23,72,6,519,602,2004,"-22,15950528","-51,45422221","-51.4542222130108, -22.1595052797793",453167,7549447
EM Krisan Martin,26,23,0,45,84,44,222,0,2004,"-22,12864525","-51,44684507","-51.44684507, -22.12864525",453917,7552866
EM Maria do Socorro B. Almeida,78,28,17,49,14,29,215,469,2004,"-22,11417447","-51,43143416","-51.43143416, -22.11417447",455502,7554472
EM Maria Edite T. Perrone,87,20,11,10,34,11,173,254,2004,"-22,15396427","-51,38158887","-51.38158887, -22.15396427",460654,7550081
EM Maria Haddad Haidamus,84,3,0,11,16,1,115,150,2004,"-22,11815423","-51,37419753","-51.37419753, -22.11815423",461406,7554047
EM Nair Lebrão,91,4,0,33,13,5,146,167,2004,"-22,11241179","-51,4316003","-51.4316003, -22.11241179",455484,7554667
EM Nazarena Zamit,106,5,0,20,38,9,178,442,2004,"-22,13891023","-51,37550388","-51.37550388, -22.13891023",461277,7551749
EM Nirma Jorge,43,12,1,4,21,10,91,0,2004,"-22,08290807","-51,42601293","-51.42601292846014, -22.08290806964687",456051,7557934
EM Ocyr Azevedo,190,44,3,20,66,6,329,555,2004,"-22,10965964","-51,41226432","-51.41226432, -22.10965964",457478,7554977
EM Pedro Furquim,188,104,75,2,59,117,545,562,2004,"-22,12320378","-51,37495963","-51.37495963, -22.12320378",461329,7553488
EM Rosy Odethy R. Brandão,169,31,0,14,69,6,289,333,2004,"-22,09506859","-51,40325912","-51.40325912, -22.09506859",458402,7556595
EM Valter Marques,75,2,0,15,17,0,109,121,2004,"-22,10436741","-51,38852207","-51.38852207264139, -22.10436741481833",459925,7555569
EM Vilma G. Martinez (Cedral),253,49,1,30,69,0,402,624,2004,"-22,1193264","-51,42795136","-51.42795136, -22.1193264",455863,7553903
Anglo,193,17,0,19,40,0,269,0,2005,"-22,13011838","-51,40884474","-51.40884473801567, -22.130118377195128",457837,7552713
Colégio Cristo Rei,314,33,0,0,11,0,358,0,2005,"-22,1197155","-51,38882519","-51.38882518798648, -22.11971549619148",459898,7553870
Creche Anita Ferreira B. de Oliveira,105,3,0,1,14,0,123,0,2005,"-22,12931948","-51,39093791","-51.3909379079446, -22.1293194767267",459683,7552807
Creche C. S. Vicente Palotti – Lar dos Meninos,94,0,0,30,6,0,130,0,2005,"-22,09893604","-51,42313062","-51.42313061703766, -22.098936040183247",456354,7556161
Creche Clotilde Veiga de Barros,114,1,0,0,16,0,131,0,2005,"-22,10980342","-51,39429739","-51.3942973891786, -22.1098034221683",459331,7554966
Creche Meimei,35,0,0,45,4,0,84,0,2005,"-22,12970947","-51,41285799","-51.4128579891779, -22.129709471891232",457423,7552758
Creche UNESP,42,3,0,0,3,0,48,0,2005,"-22,11886076","-51,4092135","-51.409213504521, -22.1188607558322",457795,7553959
Creche Walter Figueiredo,145,6,0,0,7,0,158,0,2005,"-22,10895326","-51,38626791","-51.3862679124659, -22.1089532609603",460159,7555062
EE A. Arruda Mello,193,142,8,14,72,0,429,0,2005,"-22,12223576","-51,38954147","-51.389541472641135, -22.122235760751867",459825,7553591
EE Anna Antônio,210,142,0,29,108,16,505,790,2005,"-22,0910867","-51,38581814","-51.3858181413021, -22.0910867030776",460200,7557040
EE Antônio Fioravante de Menezes,102,131,183,0,13,0,429,568,2005,"-22,12970947","-51,3827848","-51.3827848045204, -22.1297094718912",460524,7552766
EE Arlindo Fantini,65,57,0,114,40,0,276,820,2005,"-22,10912648","-51,41076015","-51.41076014685, -22.1091264813455",457633,7555037
EE Celestina M. Teixeira,57,41,2,14,48,7,169,310,2005,"-21,95928647","-51,30795348","-51.30795347820825, -21.95928646996887",468203,7571647
EE Clotilde Veiga de Barros,225,98,4,14,242,20,603,1176,2005,"-22,14705769","-51,38574058","-51.3857405756843, -22.1470576858688",460224,7550845
EE Fátima Ap. Costa Falcon,134,103,5,10,38,10,300,553,2005,"-22,11761457","-51,43414793","-51.43414793335647, -22.11761457194364",455223,7554090
EE Fernando Costa,342,123,499,0,41,0,1005,1316,2005,"-22,12019229","-51,3873924","-51.3873923952734, -22.1201922926299",460046,7553818
EE Florivaldo Leal,111,54,0,26,44,3,238,680,2005,"-22,12919703","-51,39326659","-51.3932665939704, -22.1291970251408",459443,7552820
EE Francisco Pessoa,197,289,259,58,12,0,815,1379,2005,"-22,15301289","-51,45192393","-51.4519239278068, -22.1530128905198",453401,7550167
EE Hugo Miele,271,260,0,10,111,11,663,847,2005,"-22,11208739","-51,39147965","-51.39147965164236, -22.11208738847396",459622,7554714
EE João Alfredo da Silva (Eneida),23,23,0,10,29,8,93,102,2005,"-21,91387708","-51,30195046","-51.30195046100961, -21.91387708270785",468813,7576674
EE Joel Antônio de Lima Genésio,156,24,1,0,74,7,262,387,2005,"-22,11444383","-51,42615186","-51.42615185849335, -22.11444383299049",456047,7554444
EE José Foz,124,114,1,18,22,7,286,450,2005,"-22,12208117","-51,37673732","-51.37673732041002, -22.12208117264124",461146,7553612
EE Maria Luiza Bastos,183,95,0,23,62,5,368,690,2005,"-22,13214161","-51,40524606","-51.40524605903943, -22.13214160526277",458208,7552491
EE Maria Luiza Formozinho Ribeiro,261,92,0,16,96,4,469,836,2005,"-22,12205514","-51,39966794","-51.39966793575265, -22.12205514355007",458781,7553609
EE Marieta Ferraz de Assunção,248,142,0,51,48,11,500,646,2005,"-22,13826568","-51,38899915","-51.38899915479362, -22.13826568169748",459886,7551817
EE Marrey Junior,164,194,52,163,73,53,699,1104,2005,"-22,10681416","-51,39622964","-51.39622963760267, -22.10681415866147",459131,7555296
EE Miguel Omar Bareto,284,134,5,11,43,6,483,804,2005,"-22,13297741","-51,437803","-51.43780300136813, -22.13297740614673",454851,7552389
EE Mirella P. Desidere,247,202,9,13,59,24,554,1301,2005,"-22,1103463","-51,4287836","-51.42878359712329, -22.11034630426748",455774,7554896
EE Pedro Tofano –Montalvão,108,64,8,48,84,22,334,562,2005,"-22,0511197","-51,34701711","-51.34701710876899, -22.0511197037584",464193,7561474
EE Placídio Braga Nogueira,267,258,118,21,163,37,864,967,2005,"-22,13864919","-51,37491486","-51.37491485903934, -22.13864918512999",461338,7551778
EE Tannel Abud,235,181,9,11,39,6,481,1073,2005,"-22,11460143","-51,37609601","-51.37609600506788, -22.11460142859055",461210,7554440
EM Alayde T. F. Motta,76,71,25,116,77,173,538,737,2005,"-22,14473417","-51,38256092","-51.38256091616356, -22.14473416973062",460551,7551103
EM Alberto Bernardes Sotelo,43,7,0,1,14,1,66,88,2005,"-22,13978827","-51,35372317","-51.35372316886564, -22.13978827470154",463524,7551657
EM Antonio Moreira Lima,122,45,0,39,170,61,437,479,2005,"-22,16016961","-51,45548561","-51.45548561137047, -22.16016960807991",453037,7549373
EM Aparecida Alves,104,4,5,26,8,6,153,392,2005,"-22,14361969","-51,39497096","-51.39497095849231, -22.14361969237946",459271,7551223
EM Aziz Felipe,216,5,0,21,48,0,290,360,2005,"-22,13422737","-51,3772764","-51.3772763958197, -22.13422737453585",461093,7552267
EM Carlos A. A. Campos (Eneida),37,1,0,1,5,1,45,76,2005,"-21,91682868","-51,3019639","-51.30196390452799, -21.91682867862754",468812,7576348
EM Carlos Braga (Ameliópolis),28,48,3,0,8,1,88,0,2005,"-21,80226704","-51,29735029","-51.29735028788697, -21.80226703609472",469264,7589029
EM Carlos Castilho Cabral,135,46,56,1,66,3,307,394,2005,"-22,09901054","-51,39297155","-51.39297155109593, -22.09901054208509",459465,7556161
EM Carmem Pereira Delfim,129,52,83,5,73,82,424,462,2005,"-22,13491679","-51,38146344","-51.38146344184742, -22.13491678924642",460662,7552190
EM Catarina Martins Artero,98,46,42,19,105,36,346,0,2005,"-22,1101911","-51,38068432","-51.38068432225982, -22.11019110237303",460735,7554927
EM Ditão,224,26,8,4,217,19,498,647,2005,"-22,10844038","-51,43157964","-51.43157963945204, -22.10844038037896",455485,7555107
EM Domingos F. de Medeiros,117,44,0,12,42,113,328,436,2005,"-22,1050689","-51,3892446","-51.38924460397457, -22.10506889832062",459851,7555491
EM Ederle Marangoni Dias,161,3,0,62,10,6,242,352,2005,"-22,10983998","-51,41971103","-51.41971103335685, -22.10983998169054",456710,7554955
EM Edna Carnelós Barbosa,62,0,0,37,3,0,102,149,2005,"-22,13865497","-51,38462796","-51.3846279645877, -22.13865497431422",460336,7551775
EM Edson Lopes,116,1,0,1,7,0,125,135,2005,"-22,14321923","-51,3936022","-51.39360220147683, -22.143219229454",459412,7551268
EM Emilio Becker,313,179,88,2,67,5,654,616,2005,"-22,12770858","-51,377025","-51.37702499766941, -22.12770857779658",461117,7552989
EM Ettore Marangoni,70,6,0,0,23,4,103,185,2005,"-22,05108147","-51,34593889","-51.34593888602856, -22.05108146789168",464304,7561478
EM Francisca A. Góes Brandão,122,44,56,92,32,28,374,0,2005,"-22,13354296","-51,39984915","-51.39984915164156, -22.13354295954356",458765,7552337
EM Giseli Dalefi,235,52,4,79,201,70,641,907,2005,"-22,12946427","-51,44598922","-51.44598922040981, -22.12946427152818",454006,7552775
EM Ivo Garrido,77,35,0,7,41,15,175,0,2005,"-22,10222191","-51,43296095","-51.43296095109594, -22.10222191202309",455341,7555794
EM João Bohac,162,8,79,2,20,3,274,310,2005,"-22,14261288","-51,38408509","-51.38408509342323, -22.14261287878046",460393,7551337
EM João Sebastião Lisboa,175,107,5,122,108,48,565,0,2005,"-22,12213719","-51,39951685","-51.39951685164191, -22.12213719468566",458796,7553599
EM José Carlos Pimenta,179,22,95,57,28,5,386,465,2005,"-22,11462692","-51,40558757","-51.40558757449566, -22.11462692157064",458168,7554429
EM José Soares Marcondes,250,96,0,0,110,137,593,0,2005,"-22,11933127","-51,38298954","-51.38298954369755, -22.11933127012247",460500,7553914
EM Jovita Terin,140,13,8,17,55,20,253,345,2005,"-22,08693107","-51,38393579","-51.38393578993529, -22.08693107237039",460393,7557501
EM Juracy Menezes Peralta,39,41,0,42,222,56,400,629,2005,"-22,08627167","-51,39632847","-51.39632847068484, -22.0862716737455",459115,7557570
EM Karina Krasucki,450,22,21,20,74,13,600,597,2005,"-22,15950528","-51,45422221","-51.4542222130108, -22.1595052797793",453167,7549447
EM Maria do Socorro B. Almeida,212,88,4,6,101,55,466,535,2005,"-22,11417447","-51,43143416","-51.43143416, -22.11417447",455502,7554472
EM Maria Edite T. Perrone,93,14,3,4,32,1,147,231,2005,"-22,15396427","-51,38158887","-51.38158887, -22.15396427",460654,7550081
EM Maria Haddad Haidamus,89,3,0,29,19,0,140,154,2005,"-22,11815423","-51,37419753","-51.37419753, -22.11815423",461406,7554047
EM Nair Lebrão,50,0,0,12,1,1,64,181,2005,"-22,11241179","-51,4316003","-51.4316003, -22.11241179",455484,7554667
EM Nazarena Zamit,219,14,2,27,84,1,347,454,2005,"-22,13891023","-51,37550388","-51.37550388, -22.13891023",461277,7551749
EM Nirma Jorge,32,13,0,3,28,1,77,0,2005,"-22,08290807","-51,42601293","-51.42601292846014, -22.08290806964687",456051,7557934
EM Ocyr Azevedo,221,46,0,3,88,0,358,412,2005,"-22,10965964","-51,41226432","-51.41226432, -22.10965964",457478,7554977
EM Pedro Furquim,209,83,73,1,79,85,530,589,2005,"-22,12320378","-51,37495963","-51.37495963, -22.12320378",461329,7553488
EM Rosana Negrão,111,13,0,21,29,1,175,210,2005,"-22,08331327","-51,43151345","-51.43151345, -22.08331327",455484,7557888
EM Rosy Odethy R. Brandão,166,49,0,1,59,2,277,304,2005,"-22,09506859","-51,40325912","-51.40325912, -22.09506859",458402,7556595
EM Rot. Antônio Zacarias - Rotariano,34,45,0,20,81,38,218,210,2005,"-22,12341692","-51,42356793","-51.423567928459306, -22.123416918139267",456316,7553451
EM Rui Carlos V. Berbet,69,65,8,93,204,92,531,714,2005,"-22,08600556","-51,38078723","-51.38078723, -22.08600556",460718,7557604
EM Valter Marques,105,5,0,0,17,0,127,138,2005,"-22,10436741","-51,38852207","-51.38852207264139, -22.10436741481833",459925,7555569
EM Vilma Álvares Gonçalves,166,33,0,58,63,5,325,491,2005,"-22,1485129","-51,37363456","-51.37363456, -22.1485129",461473,7550687
Colégio Cristo Rei,304,17,1,29,19,0,370,0,2006,"-22,1197155","-51,38882519","-51.38882518798648, -22.11971549619148",459898,7553870
Creche Anita Ferreira B. de Oliveira,90,1,0,15,11,0,117,0,2006,"-22,12931948","-51,39093791","-51.3909379079446, -22.1293194767267",459683,7552807
Creche C. S. Vicente Palotti – Lar dos Meninos,87,2,0,35,16,1,141,0,2006,"-22,09893604","-51,42313062","-51.42313061703766, -22.098936040183247",456354,7556161
Creche Clotilde Veiga de Barros,83,2,2,15,9,0,111,0,2006,"-22,10980342","-51,39429739","-51.3942973891786, -22.1098034221683",459331,7554966
Creche Meimei,59,0,0,24,16,0,99,0,2006,"-22,12970947","-51,41285799","-51.4128579891779, -22.129709471891232",457423,7552758
Creche UNESP,31,0,0,8,10,0,49,0,2006,"-22,11886076","-51,4092135","-51.409213504521, -22.1188607558322",457795,7553959
Creche Walter Figueiredo,62,3,0,31,14,3,113,0,2006,"-22,10895326","-51,38626791","-51.3862679124659, -22.1089532609603",460159,7555062
EE A. Arruda Mello,234,185,18,29,58,8,532,0,2006,"-22,12223576","-51,38954147","-51.389541472641135, -22.122235760751867",459825,7553591
EE Antônio Fioravante de Menezes,27,99,213,33,11,9,392,504,2006,"-22,12970947","-51,3827848","-51.3827848045204, -22.1297094718912",460524,7552766
EE Arlindo Fantini,86,57,0,53,50,2,248,786,2006,"-22,10912648","-51,41076015","-51.41076014685, -22.1091264813455",457633,7555037
EE Fátima Ap. Costa Falcon,68,70,5,15,100,3,261,478,2006,"-22,11761457","-51,43414793","-51.43414793335647, -22.11761457194364",455223,7554090
EE Fernando Costa,309,153,369,0,75,0,906,1284,2006,"-22,12019229","-51,3873924","-51.3873923952734, -22.1201922926299",460046,7553818
EE Florivaldo Leal,258,50,4,10,19,1,342,741,2006,"-22,12919703","-51,39326659","-51.3932665939704, -22.1291970251408",459443,7552820
EE Francisco Pessoa,246,182,296,14,1,18,757,1358,2006,"-22,15301289","-51,45192393","-51.4519239278068, -22.1530128905198",453401,7550167
EE João Alfredo da Silva (Eneida),34,38,2,1,17,1,93,102,2006,"-21,91387708","-51,30195046","-51.30195046100961, -21.91387708270785",468813,7576674
EE Joel Antônio de Lima Genésio,170,1,0,0,68,3,242,392,2006,"-22,11444383","-51,42615186","-51.42615185849335, -22.11444383299049",456047,7554444
EE José Foz,202,128,0,164,72,12,578,472,2006,"-22,12208117","-51,37673732","-51.37673732041002, -22.12208117264124",461146,7553612
EE Maria Luiza Bastos,250,68,0,35,21,2,376,625,2006,"-22,13214161","-51,40524606","-51.40524605903943, -22.13214160526277",458208,7552491
EE Maria Luiza Formozinho Ribeiro,254,106,0,24,85,5,474,916,2006,"-22,12205514","-51,39966794","-51.39966793575265, -22.12205514355007",458781,7553609
EE Marieta Ferraz de Assunção,118,90,0,164,32,9,413,670,2006,"-22,13826568","-51,38899915","-51.38899915479362, -22.13826568169748",459886,7551817
EE Marrey Junior,130,158,66,171,90,43,658,1093,2006,"-22,10681416","-51,39622964","-51.39622963760267, -22.10681415866147",459131,7555296
EE Miguel Omar Bareto,277,112,9,19,30,3,450,697,2006,"-22,13297741","-51,437803","-51.43780300136813, -22.13297740614673",454851,7552389
EE Mirella P. Desidere,206,129,11,55,86,13,500,1361,2006,"-22,1103463","-51,4287836","-51.42878359712329, -22.11034630426748",455774,7554896
EE Monsenhor Sarrion,104,41,0,93,22,1,261,1154,2006,"-22,13369718","-51,39093009","-51.39093008972468, -22.13369717779597",459685,7552322
EE Placídio Braga Nogueira,257,250,80,18,201,57,863,1010,2006,"-22,13864919","-51,37491486","-51.37491485903934, -22.13864918512999",461338,7551778
EE Tannel Abud,159,106,14,156,52,39,526,1045,2006,"-22,11460143","-51,37609601","-51.37609600506788, -22.11460142859055",461210,7554440
EM Alayde T. F. Motta,124,111,39,80,26,173,553,737,2006,"-22,14473417","-51,38256092","-51.38256091616356, -22.14473416973062",460551,7551103
EM Antonio Moreira Lima,162,57,0,36,139,29,423,513,2006,"-22,16016961","-51,45548561","-51.45548561137047, -22.16016960807991",453037,7549373
EM Aparecida Alves,117,10,4,26,63,3,223,274,2006,"-22,14361969","-51,39497096","-51.39497095849231, -22.14361969237946",459271,7551223
EM Aziz Felipe,95,9,2,49,38,6,199,340,2006,"-22,13422737","-51,3772764","-51.3772763958197, -22.13422737453585",461093,7552267
EM Carlos A. A. Campos (Eneida),23,5,0,0,3,0,31,71,2006,"-21,91682868","-51,3019639","-51.30196390452799, -21.91682867862754",468812,7576348
EM Carlos Braga (Ameliópolis),31,43,1,2,5,1,83,0,2006,"-21,80226704","-51,29735029","-51.29735028788697, -21.80226703609472",469264,7589029
EM Carlos Castilho Cabral,144,49,0,0,109,14,316,379,2006,"-22,09901054","-51,39297155","-51.39297155109593, -22.09901054208509",459465,7556161
EM Carmem Pereira Delfim,118,57,16,10,87,43,331,447,2006,"-22,13491679","-51,38146344","-51.38146344184742, -22.13491678924642",460662,7552190
EM Catarina Martins Artero,44,30,36,17,61,55,243,0,2006,"-22,1101911","-51,38068432","-51.38068432225982, -22.11019110237303",460735,7554927
EM Ditão,241,22,16,5,193,6,483,609,2006,"-22,10844038","-51,43157964","-51.43157963945204, -22.10844038037896",455485,7555107
EM Domingos F. de Medeiros,183,65,9,2,131,7,397,414,2006,"-22,1050689","-51,3892446","-51.38924460397457, -22.10506889832062",459851,7555491
EM Ederle Marangoni Dias,123,15,0,51,33,2,224,285,2006,"-22,10983998","-51,41971103","-51.41971103335685, -22.10983998169054",456710,7554955
EM Edna Carnelós Barbosa,39,0,0,58,17,0,114,141,2006,"-22,13865497","-51,38462796","-51.3846279645877, -22.13865497431422",460336,7551775
EM Edson Lopes,43,0,0,45,3,0,91,124,2006,"-22,14321923","-51,3936022","-51.39360220147683, -22.143219229454",459412,7551268
EM Emilio Becker,284,133,82,0,65,1,565,604,2006,"-22,12770858","-51,377025","-51.37702499766941, -22.12770857779658",461117,7552989
EM Francisca A. Góes Brandão,180,53,64,55,7,6,365,0,2006,"-22,13354296","-51,39984915","-51.39984915164156, -22.13354295954356",458765,7552337
EM Giseli Dalefi,203,64,4,124,200,25,620,782,2006,"-22,12946427","-51,44598922","-51.44598922040981, -22.12946427152818",454006,7552775
EM Ivo Garrido,104,18,0,14,56,13,205,0,2006,"-22,10222191","-51,43296095","-51.43296095109594, -22.10222191202309",455341,7555794
EM João Bohac,132,13,12,0,73,30,260,267,2006,"-22,14261288","-51,38408509","-51.38408509342323, -22.14261287878046",460393,7551337
EM João Franco de Godoy,234,87,0,0,151,0,472,548,2006,"-22,11324649","-51,39544043","-51.39544042835509, -22.1132464852897",459214,7554585
EM João Sebastião Lisboa,127,75,8,172,111,39,532,0,2006,"-22,12213719","-51,39951685","-51.39951685164191, -22.12213719468566",458796,7553599
EM José Carlos João,149,67,6,127,173,28,550,0,2006,"-22,14243888","-51,39100198","-51.39100198417588, -22.14243887858406",459680,7551355
EM José Carlos Pimenta,172,67,89,60,17,5,410,382,2006,"-22,11462692","-51,40558757","-51.40558757449566, -22.11462692157064",458168,7554429
EM José Soares Marcondes,259,75,6,113,92,30,575,0,2006,"-22,11933127","-51,38298954","-51.38298954369755, -22.11933127012247",460500,7553914
EM Jovita Terin,98,14,8,63,71,11,265,346,2006,"-22,08693107","-51,38393579","-51.38393578993529, -22.08693107237039",460393,7557501
EM Juracy Menezes Peralta,191,39,1,41,214,41,527,625,2006,"-22,08627167","-51,39632847","-51.39632847068484, -22.0862716737455",459115,7557570
EM Karina Krasucki,361,15,7,70,63,8,524,550,2006,"-22,15950528","-51,45422221","-51.4542222130108, -22.1595052797793",453167,7549447
EM Maria do Socorro B. Almeida,163,41,5,19,56,14,298,520,2006,"-22,11417447","-51,43143416","-51.43143416, -22.11417447",455502,7554472
EM Maria Edite T. Perrone,7,0,0,15,4,0,26,233,2006,"-22,15396427","-51,38158887","-51.38158887, -22.15396427",460654,7550081
EM Maria Haddad Haidamus,31,3,0,59,21,0,114,145,2006,"-22,11815423","-51,37419753","-51.37419753, -22.11815423",461406,7554047
EM Nair Lebrão,64,0,0,67,20,1,152,160,2006,"-22,11241179","-51,4316003","-51.4316003, -22.11241179",455484,7554667
EM Nazarena Zamit,103,5,1,129,72,1,311,480,2006,"-22,13891023","-51,37550388","-51.37550388, -22.13891023",461277,7551749
EM Nirma Jorge,50,14,4,2,17,2,89,0,2006,"-22,08290807","-51,42601293","-51.42601292846014, -22.08290806964687",456051,7557934
EM Ocyr Azevedo,153,58,1,27,64,3,306,412,2006,"-22,10965964","-51,41226432","-51.41226432, -22.10965964",457478,7554977
EM Pedro Furquim,195,84,93,12,117,19,520,535,2006,"-22,12320378","-51,37495963","-51.37495963, -22.12320378",461329,7553488
EM Rosana Negrão,62,17,0,78,39,4,200,225,2006,"-22,08331327","-51,43151345","-51.43151345, -22.08331327",455484,7557888
EM Rosy Odethy R. Brandão,150,45,4,28,53,0,280,321,2006,"-22,09506859","-51,40325912","-51.40325912, -22.09506859",458402,7556595
EM Rot. Antônio Zacarias - Rotariano,30,30,0,39,85,57,241,255,2006,"-22,12341692","-51,42356793","-51.423567928459306, -22.123416918139267",456316,7553451
EM Rui Carlos V. Berbet,115,47,242,33,28,91,556,704,2006,"-22,08600556","-51,38078723","-51.38078723, -22.08600556",460718,7557604
EM Valter Marques,60,1,0,22,16,0,99,123,2006,"-22,10436741","-51,38852207","-51.38852207264139, -22.10436741481833",459925,7555569
EM Vilma G. Martinez (Cedral),239,32,0,0,81,0,352,424,2006,"-22,1193264","-51,42795136","-51.42795136, -22.1193264",455863,7553903
Colégio Cristo Rei,328,7,0,8,10,0,353,0,2007,"-22,1197155","-51,38882519","-51.38882518798648, -22.11971549619148",459898,7553870
Creche Anita Ferreira B. de Oliveira,83,2,0,17,6,0,108,0,2007,"-22,12931948","-51,39093791","-51.3909379079446, -22.1293194767267",459683,7552807
Creche C. S. Vicente Palotti – Lar dos Meninos,76,3,0,29,28,0,136,0,2007,"-22,09893604","-51,42313062","-51.42313061703766, -22.098936040183247",456354,7556161
Creche Clotilde Veiga de Barros,87,2,0,16,11,0,116,0,2007,"-22,10980342","-51,39429739","-51.3942973891786, -22.1098034221683",459331,7554966
Creche Meimei,67,5,0,26,22,0,120,0,2007,"-22,12970947","-51,41285799","-51.4128579891779, -22.129709471891232",457423,7552758
Creche UNESP,44,0,0,15,6,0,65,0,2007,"-22,11886076","-51,4092135","-51.409213504521, -22.1188607558322",457795,7553959
Creche Walter Figueiredo,79,3,2,30,12,0,126,0,2007,"-22,10895326","-51,38626791","-51.3862679124659, -22.1089532609603",460159,7555062
EE A. Arruda Mello,157,124,11,31,50,11,384,0,2007,"-22,12223576","-51,38954147","-51.389541472641135, -22.122235760751867",459825,7553591
EE Anna Antônio,236,92,13,45,37,1,424,756,2007,"-22,0910867","-51,38581814","-51.3858181413021, -22.0910867030776",460200,7557040
EE Antônio Fioravante de Menezes,63,130,186,23,3,7,412,500,2007,"-22,12970947","-51,3827848","-51.3827848045204, -22.1297094718912",460524,7552766
EE Arlindo Fantini,148,62,0,145,30,1,386,651,2007,"-22,10912648","-51,41076015","-51.41076014685, -22.1091264813455",457633,7555037
EE Celestina M. Teixeira,46,36,0,42,47,12,183,318,2007,"-21,95928647","-51,30795348","-51.30795347820825, -21.95928646996887",468203,7571647
EE Fernando Costa,359,59,418,0,89,0,925,1287,2007,"-22,12019229","-51,3873924","-51.3873923952734, -22.1201922926299",460046,7553818
EE João Alfredo da Silva (Eneida),19,17,1,37,10,0,84,95,2007,"-21,91387708","-51,30195046","-51.30195046100961, -21.91387708270785",468813,7576674
EE Joel Antônio de Lima Genésio,205,34,0,0,78,0,317,415,2007,"-22,11444383","-51,42615186","-51.42615185849335, -22.11444383299049",456047,7554444
EE José Foz,56,81,1,95,26,1,260,504,2007,"-22,12208117","-51,37673732","-51.37673732041002, -22.12208117264124",461146,7553612
EE Maria Luiza Bastos,79,34,0,204,36,1,354,586,2007,"-22,13214161","-51,40524606","-51.40524605903943, -22.13214160526277",458208,7552491
EE Maria Luiza Formozinho Ribeiro,234,90,0,46,25,14,409,894,2007,"-22,12205514","-51,39966794","-51.39966793575265, -22.12205514355007",458781,7553609
EE Marieta Ferraz de Assunção,74,148,0,123,41,1,387,651,2007,"-22,13826568","-51,38899915","-51.38899915479362, -22.13826568169748",459886,7551817
EE Marrey Junior,162,190,62,102,37,38,591,944,2007,"-22,10681416","-51,39622964","-51.39622963760267, -22.10681415866147",459131,7555296
EE Miguel Omar Bareto,327,49,3,19,14,0,412,672,2007,"-22,13297741","-51,437803","-51.43780300136813, -22.13297740614673",454851,7552389
EE Mirella P. Desidere,183,57,5,30,25,8,308,1375,2007,"-22,1103463","-51,4287836","-51.42878359712329, -22.11034630426748",455774,7554896
EE Monsenhor Sarrion,115,116,0,201,13,0,445,1458,2007,"-22,13369718","-51,39093009","-51.39093008972468, -22.13369717779597",459685,7552322
EE Pedro Tofano –Montalvão,122,65,10,39,59,5,300,446,2007,"-22,0511197","-51,34701711","-51.34701710876899, -22.0511197037584",464193,7561474
EE Placídio Braga Nogueira,0,230,136,61,540,128,1095,1001,2007,"-22,13864919","-51,37491486","-51.37491485903934, -22.13864918512999",461338,7551778
EE Tannel Abud,158,114,19,159,51,41,542,1011,2007,"-22,11460143","-51,37609601","-51.37609600506788, -22.11460142859055",461210,7554440
EM Alayde T. F. Motta,33,153,29,136,26,119,496,604,2007,"-22,14473417","-51,38256092","-51.38256091616356, -22.14473416973062",460551,7551103
EM Alberto Bernardes Sotelo,7,0,0,10,2,1,20,76,2007,"-22,13978827","-51,35372317","-51.35372316886564, -22.13978827470154",463524,7551657
EM Antonio Moreira Lima,176,22,0,41,50,122,411,465,2007,"-22,16016961","-51,45548561","-51.45548561137047, -22.16016960807991",453037,7549373
EM Aparecida Alves,78,2,5,55,64,4,208,268,2007,"-22,14361969","-51,39497096","-51.39497095849231, -22.14361969237946",459271,7551223
EM Aziz Felipe,72,14,0,109,18,3,216,321,2007,"-22,13422737","-51,3772764","-51.3772763958197, -22.13422737453585",461093,7552267
EM Carlo Ceriani,93,4,0,34,22,23,176,219,2007,"-22,09104298","-51,40282719","-51.40282718863248, -22.09104297945366",458446,7557040
EM Carlos A. A. Campos (Eneida),14,3,0,11,8,1,37,65,2007,"-21,91682868","-51,3019639","-51.30196390452799, -21.91682867862754",468812,7576348
EM Carlos Castilho Cabral,145,28,6,0,123,19,321,351,2007,"-22,09901054","-51,39297155","-51.39297155109593, -22.09901054208509",459465,7556161
EM Carmem Pereira Delfim,99,34,39,4,113,71,360,405,2007,"-22,13491679","-51,38146344","-51.38146344184742, -22.13491678924642",460662,7552190
EM Catarina Martins Artero,75,52,15,14,89,7,252,0,2007,"-22,1101911","-51,38068432","-51.38068432225982, -22.11019110237303",460735,7554927
EM Ditão,249,24,27,18,199,1,518,616,2007,"-22,10844038","-51,43157964","-51.43157963945204, -22.10844038037896",455485,7555107
EM Ederle Marangoni Dias,161,12,0,152,35,2,362,331,2007,"-22,10983998","-51,41971103","-51.41971103335685, -22.10983998169054",456710,7554955
EM Edna Carnelós Barbosa,28,0,0,45,11,4,88,146,2007,"-22,13865497","-51,38462796","-51.3846279645877, -22.13865497431422",460336,7551775
EM Edson Lopes,25,0,0,48,9,1,83,128,2007,"-22,14321923","-51,3936022","-51.39360220147683, -22.143219229454",459412,7551268
EM Ettore Marangoni,32,3,0,48,18,2,103,151,2007,"-22,05108147","-51,34593889","-51.34593888602856, -22.05108146789168",464304,7561478
EM Francisca A. Góes Brandão,98,63,80,84,19,2,346,0,2007,"-22,13354296","-51,39984915","-51.39984915164156, -22.13354295954356",458765,7552337
EM Giseli Dalefi,219,47,0,124,238,15,643,822,2007,"-22,12946427","-51,44598922","-51.44598922040981, -22.12946427152818",454006,7552775
EM Ivo Garrido,81,13,0,21,28,37,180,0,2007,"-22,10222191","-51,43296095","-51.43296095109594, -22.10222191202309",455341,7555794
EM João Bohac,202,44,5,12,67,15,345,268,2007,"-22,14261288","-51,38408509","-51.38408509342323, -22.14261287878046",460393,7551337
EM João Franco de Godoy,214,51,180,10,10,11,476,555,2007,"-22,11324649","-51,39544043","-51.39544042835509, -22.1132464852897",459214,7554585
EM João Sebastião Lisboa,159,53,26,138,111,23,510,0,2007,"-22,12213719","-51,39951685","-51.39951685164191, -22.12213719468566",458796,7553599
EM José Carlos João,121,67,2,174,156,17,537,0,2007,"-22,14243888","-51,39100198","-51.39100198417588, -22.14243887858406",459680,7551355
EM José Carlos Pimenta,167,99,73,38,18,15,410,351,2007,"-22,11462692","-51,40558757","-51.40558757449566, -22.11462692157064",458168,7554429
EM Jovita Terin,145,4,6,39,29,1,224,275,2007,"-22,08693107","-51,38393579","-51.38393578993529, -22.08693107237039",460393,7557501
EM Juracy Menezes Peralta,162,30,0,44,87,179,502,583,2007,"-22,08627167","-51,39632847","-51.39632847068484, -22.0862716737455",459115,7557570
EM Karina Krasucki,366,32,3,90,40,1,532,571,2007,"-22,15950528","-51,45422221","-51.4542222130108, -22.1595052797793",453167,7549447
EM Maria do Socorro B. Almeida,190,42,7,182,80,24,525,512,2007,"-22,11417447","-51,43143416","-51.43143416, -22.11417447",455502,7554472
EM Maria Edite T. Perrone,10,0,0,18,2,0,30,167,2007,"-22,15396427","-51,38158887","-51.38158887, -22.15396427",460654,7550081
EM Maria Haddad Haidamus,33,2,0,66,20,1,122,137,2007,"-22,11815423","-51,37419753","-51.37419753, -22.11815423",461406,7554047
EM Nair Lebrão,55,3,0,44,27,19,148,212,2007,"-22,11241179","-51,4316003","-51.4316003, -22.11241179",455484,7554667
EM Nazarena Zamit,102,26,0,148,93,0,369,516,2007,"-22,13891023","-51,37550388","-51.37550388, -22.13891023",461277,7551749
EM Ocyr Azevedo,215,36,10,24,48,15,348,377,2007,"-22,10965964","-51,41226432","-51.41226432, -22.10965964",457478,7554977
EM Odette Duarte da Costa,65,12,3,69,72,28,249,402,2007,"-22,0768845","-51,36046337","-51.36046337, -22.0768845",462812,7558619
EM Pedro Furquim,232,65,88,27,124,46,582,508,2007,"-22,12320378","-51,37495963","-51.37495963, -22.12320378",461329,7553488
EM Rosana Negrão,68,19,0,75,27,5,194,223,2007,"-22,08331327","-51,43151345","-51.43151345, -22.08331327",455484,7557888
EM Rosy Odethy R. Brandão,162,32,3,33,41,4,275,318,2007,"-22,09506859","-51,40325912","-51.40325912, -22.09506859",458402,7556595
EM Rot. Antônio Zacarias - Rotariano,70,79,23,47,60,31,310,318,2007,"-22,12341692","-51,42356793","-51.423567928459306, -22.123416918139267",456316,7553451
EM Rui Carlos V. Berbet,189,39,17,94,118,32,489,694,2007,"-22,08600556","-51,38078723","-51.38078723, -22.08600556",460718,7557604
EM Valter Marques,31,0,0,40,13,1,85,121,2007,"-22,10436741","-51,38852207","-51.38852207264139, -22.10436741481833",459925,7555569
EM Vilma Álvares Gonçalves,301,16,1,26,32,0,376,371,2007,"-22,1485129","-51,37363456","-51.37363456, -22.1485129",461473,7550687
EM Vilma G. Martinez (Cedral),228,23,0,95,47,2,395,361,2007,"-22,1193264","-51,42795136","-51.42795136, -22.1193264",455863,7553903
Creche Anita Ferreira B. de Oliveira,103,2,0,3,5,0,113,0,2008,"-22,12931948","-51,39093791","-51.3909379079446, -22.1293194767267",459683,7552807
Creche C. S. Vicente Palotti – Lar dos Meninos,46,2,0,5,19,0,72,0,2008,"-22,09893604","-51,42313062","-51.42313061703766, -22.098936040183247",456354,7556161
Creche Clotilde Veiga de Barros,107,2,0,5,17,5,136,0,2008,"-22,10980342","-51,39429739","-51.3942973891786, -22.1098034221683",459331,7554966
Creche Meimei,41,4,0,1,16,0,62,0,2008,"-22,12970947","-51,41285799","-51.4128579891779, -22.129709471891232",457423,7552758
Creche UNESP,34,0,0,8,2,0,44,0,2008,"-22,11886076","-51,4092135","-51.409213504521, -22.1188607558322",457795,7553959
Creche Walter Figueiredo,100,8,0,1,31,0,140,0,2008,"-22,10895326","-51,38626791","-51.3862679124659, -22.1089532609603",460159,7555062
EE A. Arruda Mello,171,93,21,7,18,5,315,0,2008,"-22,12223576","-51,38954147","-51.389541472641135, -22.122235760751867",459825,7553591
EE Anna Antônio,228,129,26,75,79,10,547,751,2008,"-22,0910867","-51,38581814","-51.3858181413021, -22.0910867030776",460200,7557040
EE Antônio Fioravante de Menezes,71,110,212,10,14,18,435,501,2008,"-22,12970947","-51,3827848","-51.3827848045204, -22.1297094718912",460524,7552766
EE Arlindo Fantini,135,53,0,136,28,1,353,702,2008,"-22,10912648","-51,41076015","-51.41076014685, -22.1091264813455",457633,7555037
EE Celestina M. Teixeira,58,38,6,42,29,6,179,339,2008,"-21,95928647","-51,30795348","-51.30795347820825, -21.95928646996887",468203,7571647
EE Clotilde Veiga de Barros,233,249,0,15,294,13,804,1106,2008,"-22,14705769","-51,38574058","-51.3857405756843, -22.1470576858688",460224,7550845
EE Fátima Ap. Costa Falcon,77,31,0,25,29,13,175,354,2008,"-22,11761457","-51,43414793","-51.43414793335647, -22.11761457194364",455223,7554090
EE Fernando Costa,353,61,408,0,58,0,880,1300,2008,"-22,12019229","-51,3873924","-51.3873923952734, -22.1201922926299",460046,7553818
EE Florivaldo Leal,88,35,7,50,34,1,215,664,2008,"-22,12919703","-51,39326659","-51.3932665939704, -22.1291970251408",459443,7552820
EE Francisco Pessoa,272,130,247,1,18,4,672,1352,2008,"-22,15301289","-51,45192393","-51.4519239278068, -22.1530128905198",453401,7550167
EE Hugo Miele,339,200,10,10,102,9,670,847,2008,"-22,11208739","-51,39147965","-51.39147965164236, -22.11208738847396",459622,7554714
EE João Alfredo da Silva (Eneida),18,4,2,52,20,3,99,92,2008,"-21,91387708","-51,30195046","-51.30195046100961, -21.91387708270785",468813,7576674
EE José Foz,58,57,0,137,21,2,275,543,2008,"-22,12208117","-51,37673732","-51.37673732041002, -22.12208117264124",461146,7553612
EE Maria Luiza Bastos,76,32,0,236,35,3,382,610,2008,"-22,13214161","-51,40524606","-51.40524605903943, -22.13214160526277",458208,7552491
EE Maria Luiza Formozinho Ribeiro,219,84,1,55,39,12,410,853,2008,"-22,12205514","-51,39966794","-51.39966793575265, -22.12205514355007",458781,7553609
EE Marieta Ferraz de Assunção,118,71,0,112,32,5,338,623,2008,"-22,13826568","-51,38899915","-51.38899915479362, -22.13826568169748",459886,7551817
EE Marrey Junior,150,103,210,44,17,0,524,918,2008,"-22,10681416","-51,39622964","-51.39622963760267, -22.10681415866147",459131,7555296
EE Miguel Omar Bareto,192,90,7,4,38,2,333,674,2008,"-22,13297741","-51,437803","-51.43780300136813, -22.13297740614673",454851,7552389
EE Mirella P. Desidere,137,81,5,174,31,5,433,1438,2008,"-22,1103463","-51,4287836","-51.42878359712329, -22.11034630426748",455774,7554896
EE Monsenhor Sarrion,198,126,0,271,10,0,605,1550,2008,"-22,13369718","-51,39093009","-51.39093008972468, -22.13369717779597",459685,7552322
EE Pedro Tofano –Montalvão,61,41,6,62,95,28,293,439,2008,"-22,0511197","-51,34701711","-51.34701710876899, -22.0511197037584",464193,7561474
EE Placídio Braga Nogueira,254,226,96,36,133,54,799,999,2008,"-22,13864919","-51,37491486","-51.37491485903934, -22.13864918512999",461338,7551778
EE Tannel Abud,94,65,2,153,38,7,359,1025,2008,"-22,11460143","-51,37609601","-51.37609600506788, -22.11460142859055",461210,7554440
EM Antonio Moreira Lima,116,22,0,100,72,98,408,542,2008,"-22,16016961","-51,45548561","-51.45548561137047, -22.16016960807991",453037,7549373
EM Aziz Felipe,56,4,2,79,15,1,157,288,2008,"-22,13422737","-51,3772764","-51.3772763958197, -22.13422737453585",461093,7552267
EM Carlo Ceriani,91,1,0,39,20,23,174,235,2008,"-22,09104298","-51,40282719","-51.40282718863248, -22.09104297945366",458446,7557040
EM Carlos A. A. Campos (Eneida),12,3,0,18,5,1,39,42,2008,"-21,91682868","-51,3019639","-51.30196390452799, -21.91682867862754",468812,7576348
EM Carlos Castilho Cabral,144,48,4,0,104,34,334,353,2008,"-22,09901054","-51,39297155","-51.39297155109593, -22.09901054208509",459465,7556161
EM Carmem Pereira Delfim,115,45,57,29,69,67,382,399,2008,"-22,13491679","-51,38146344","-51.38146344184742, -22.13491678924642",460662,7552190
EM Catarina Martins Artero,34,25,74,45,35,14,227,0,2008,"-22,1101911","-51,38068432","-51.38068432225982, -22.11019110237303",460735,7554927
EM Ditão,261,38,10,11,203,1,524,658,2008,"-22,10844038","-51,43157964","-51.43157963945204, -22.10844038037896",455485,7555107
EM Domingos F. de Medeiros,124,82,3,0,83,1,293,307,2008,"-22,1050689","-51,3892446","-51.38924460397457, -22.10506889832062",459851,7555491
EM Ederle Marangoni Dias,111,10,0,85,25,1,232,337,2008,"-22,10983998","-51,41971103","-51.41971103335685, -22.10983998169054",456710,7554955
EM Edna Carnelós Barbosa,54,0,0,37,7,1,99,145,2008,"-22,13865497","-51,38462796","-51.3846279645877, -22.13865497431422",460336,7551775
EM Edson Lopes,20,1,0,27,2,0,50,115,2008,"-22,14321923","-51,3936022","-51.39360220147683, -22.143219229454",459412,7551268
EM Emilio Becker,187,69,72,0,43,3,374,487,2008,"-22,12770858","-51,377025","-51.37702499766941, -22.12770857779658",461117,7552989
EM Ettore Marangoni,41,0,0,53,20,0,114,173,2008,"-22,05108147","-51,34593889","-51.34593888602856, -22.05108146789168",464304,7561478
EM Francisca A. Góes Brandão,83,53,98,46,23,9,312,272,2008,"-22,13354296","-51,39984915","-51.39984915164156, -22.13354295954356",458765,7552337
EM Giseli Dalefi,97,39,0,82,85,0,303,761,2008,"-22,12946427","-51,44598922","-51.44598922040981, -22.12946427152818",454006,7552775
EM Ivo Garrido,80,13,0,18,42,28,181,201,2008,"-22,10222191","-51,43296095","-51.43296095109594, -22.10222191202309",455341,7555794
EM João Bohac,168,21,11,1,47,8,256,269,2008,"-22,14261288","-51,38408509","-51.38408509342323, -22.14261287878046",460393,7551337
EM João Franco de Godoy,130,49,61,51,83,58,432,539,2008,"-22,11324649","-51,39544043","-51.39544042835509, -22.1132464852897",459214,7554585
EM João Sebastião Lisboa,123,40,18,155,71,23,430,433,2008,"-22,12213719","-51,39951685","-51.39951685164191, -22.12213719468566",458796,7553599
EM José Carlos João,121,44,0,209,112,1,487,530,2008,"-22,14243888","-51,39100198","-51.39100198417588, -22.14243887858406",459680,7551355
EM José Soares Marcondes,308,105,4,11,140,9,577,636,2008,"-22,11933127","-51,38298954","-51.38298954369755, -22.11933127012247",460500,7553914
EM Jovita Terin,203,7,1,8,26,2,247,248,2008,"-22,08693107","-51,38393579","-51.38393578993529, -22.08693107237039",460393,7557501
EM Karina Krasucki,463,8,12,10,55,0,548,545,2008,"-22,15950528","-51,45422221","-51.4542222130108, -22.1595052797793",453167,7549447
EM Maria do Socorro B. Almeida,222,38,13,153,150,37,613,552,2008,"-22,11417447","-51,43143416","-51.43143416, -22.11417447",455502,7554472
EM Maria Edite T. Perrone,118,6,3,10,27,0,164,155,2008,"-22,15396427","-51,38158887","-51.38158887, -22.15396427",460654,7550081
EM Maria Haddad Haidamus,61,1,0,56,12,0,130,152,2008,"-22,11815423","-51,37419753","-51.37419753, -22.11815423",461406,7554047
EM Nair Lebrão,33,0,0,38,6,0,77,140,2008,"-22,11241179","-51,4316003","-51.4316003, -22.11241179",455484,7554667
EM Nirma Jorge,29,10,3,13,32,0,87,0,2008,"-22,08290807","-51,42601293","-51.42601292846014, -22.08290806964687",456051,7557934
EM Ocyr Azevedo,137,15,13,50,47,20,282,350,2008,"-22,10965964","-51,41226432","-51.41226432, -22.10965964",457478,7554977
EM Odette Duarte da Costa,34,3,2,128,86,7,260,374,2008,"-22,0768845","-51,36046337","-51.36046337, -22.0768845",462812,7558619
EM Pedro Furquim,180,54,70,2,78,60,444,557,2008,"-22,12320378","-51,37495963","-51.37495963, -22.12320378",461329,7553488
EM Rosana Negrão,67,10,0,76,41,0,194,211,2008,"-22,08331327","-51,43151345","-51.43151345, -22.08331327",455484,7557888
EM Rosy Odethy R. Brandão,154,43,12,47,59,1,316,340,2008,"-22,09506859","-51,40325912","-51.40325912, -22.09506859",458402,7556595
EM Rot. Antônio Zacarias - Rotariano,103,78,13,33,74,38,339,336,2008,"-22,12341692","-51,42356793","-51.423567928459306, -22.123416918139267",456316,7553451
EM Rui Carlos V. Berbet,83,19,7,168,137,31,445,645,2008,"-22,08600556","-51,38078723","-51.38078723, -22.08600556",460718,7557604
EM Valter Marques,14,0,0,40,9,1,64,110,2008,"-22,10436741","-51,38852207","-51.38852207264139, -22.10436741481833",459925,7555569
EM Vilma Álvares Gonçalves,262,33,27,16,43,4,385,405,2008,"-22,1485129","-51,37363456","-51.37363456, -22.1485129",461473,7550687
EM Vilma G. Martinez (Cedral),478,53,17,108,88,5,749,303,2008,"-22,1193264","-51,42795136","-51.42795136, -22.1193264",455863,7553903
Creche Anita Ferreira B. de Oliveira,88,1,0,11,7,1,108,0,2009,"-22,12931948","-51,39093791","-51.3909379079446, -22.1293194767267",459683,7552807
Creche C. S. Vicente Palotti – Lar dos Meninos,98,5,2,114,23,2,245,0,2009,"-22,09893604","-51,42313062","-51.42313061703766, -22.098936040183247",456354,7556161
Creche Clotilde Veiga de Barros,79,0,1,36,8,2,131,0,2009,"-22,10980342","-51,39429739","-51.3942973891786, -22.1098034221683",459331,7554966
Creche Meimei,68,0,0,29,10,0,111,0,2009,"-22,12970947","-51,41285799","-51.4128579891779, -22.129709471891232",457423,7552758
Creche UNESP,26,0,0,7,5,0,39,0,2009,"-22,11886076","-51,4092135","-51.409213504521, -22.1188607558322",457795,7553959
Creche Walter Figueiredo,67,1,0,27,16,2,113,0,2009,"-22,10895326","-51,38626791","-51.3862679124659, -22.1089532609603",460159,7555062
EE A. Arruda Mello,134,108,28,6,28,9,313,0,2009,"-22,12223576","-51,38954147","-51.389541472641135, -22.122235760751867",459825,7553591
EE Anna Antônio,271,100,15,33,32,11,462,731,2009,"-22,0910867","-51,38581814","-51.3858181413021, -22.0910867030776",460200,7557040
EE Antônio Fioravante de Menezes,86,117,252,9,14,11,489,452,2009,"-22,12970947","-51,3827848","-51.3827848045204, -22.1297094718912",460524,7552766
EE Arlindo Fantini,29,2,0,178,37,12,258,693,2009,"-22,10912648","-51,41076015","-51.41076014685, -22.1091264813455",457633,7555037
EE Celestina M. Teixeira,20,17,1,54,11,3,106,238,2009,"-21,95928647","-51,30795348","-51.30795347820825, -21.95928646996887",468203,7571647
EE Clotilde Veiga de Barros,288,259,13,0,272,11,843,1052,2009,"-22,14705769","-51,38574058","-51.3857405756843, -22.1470576858688",460224,7550845
EE Fátima Ap. Costa Falcon,50,40,3,68,14,11,186,327,2009,"-22,11761457","-51,43414793","-51.43414793335647, -22.11761457194364",455223,7554090
EE Fernando Costa,228,68,284,0,44,0,624,1349,2009,"-22,12019229","-51,3873924","-51.3873923952734, -22.1201922926299",460046,7553818
EE Florivaldo Leal,150,37,14,21,41,0,263,711,2009,"-22,12919703","-51,39326659","-51.3932665939704, -22.1291970251408",459443,7552820
EE Francisco Pessoa,342,172,156,12,20,2,704,1307,2009,"-22,15301289","-51,45192393","-51.4519239278068, -22.1530128905198",453401,7550167
EE Hugo Miele,271,219,1,19,41,11,562,912,2009,"-22,11208739","-51,39147965","-51.39147965164236, -22.11208738847396",459622,7554714
EE João Alfredo da Silva (Eneida),48,17,2,7,10,0,84,88,2009,"-21,91387708","-51,30195046","-51.30195046100961, -21.91387708270785",468813,7576674
EE Joel Antônio de Lima Genésio,103,75,3,66,50,12,309,457,2009,"-22,11444383","-51,42615186","-51.42615185849335, -22.11444383299049",456047,7554444
EE José Foz,164,88,1,38,74,23,388,550,2009,"-22,12208117","-51,37673732","-51.37673732041002, -22.12208117264124",461146,7553612
EE Maria Luiza Bastos,44,4,0,261,40,3,352,599,2009,"-22,13214161","-51,40524606","-51.40524605903943, -22.13214160526277",458208,7552491
EE Maria Luiza Formozinho Ribeiro,245,82,4,44,36,7,418,828,2009,"-22,12205514","-51,39966794","-51.39966793575265, -22.12205514355007",458781,7553609
EE Marieta Ferraz de Assunção,65,34,12,153,45,19,328,590,2009,"-22,13826568","-51,38899915","-51.38899915479362, -22.13826568169748",459886,7551817
EE Marrey Junior,117,121,165,0,16,0,419,800,2009,"-22,10681416","-51,39622964","-51.39622963760267, -22.10681415866147",459131,7555296
EE Miguel Omar Bareto,286,76,16,41,32,1,452,666,2009,"-22,13297741","-51,437803","-51.43780300136813, -22.13297740614673",454851,7552389
EE Mirella P. Desidere,202,93,3,123,40,9,470,1311,2009,"-22,1103463","-51,4287836","-51.42878359712329, -22.11034630426748",455774,7554896
EE Monsenhor Sarrion,200,85,0,318,37,2,642,1507,2009,"-22,13369718","-51,39093009","-51.39093008972468, -22.13369717779597",459685,7552322
EE Pedro Tofano –Montalvão,58,53,45,57,87,2,302,298,2009,"-22,0511197","-51,34701711","-51.34701710876899, -22.0511197037584",464193,7561474
EE Placídio Braga Nogueira,215,214,114,25,145,46,759,756,2009,"-22,13864919","-51,37491486","-51.37491485903934, -22.13864918512999",461338,7551778
EE Tannel Abud,128,148,39,106,79,25,525,990,2009,"-22,11460143","-51,37609601","-51.37609600506788, -22.11460142859055",461210,7554440
EM Alayde T. F. Motta,58,108,50,81,72,88,457,596,2009,"-22,14473417","-51,38256092","-51.38256091616356, -22.14473416973062",460551,7551103
EM Alberto Bernardes Sotelo,76,12,4,13,23,4,132,163,2009,"-22,13978827","-51,35372317","-51.35372316886564, -22.13978827470154",463524,7551657
EM Antonio Moreira Lima,248,31,8,99,167,44,597,504,2009,"-22,16016961","-51,45548561","-51.45548561137047, -22.16016960807991",453037,7549373
EM Aparecida Alves,136,15,13,6,36,12,218,231,2009,"-22,14361969","-51,39497096","-51.39497095849231, -22.14361969237946",459271,7551223
EM Aziz Felipe,112,0,6,38,40,11,209,236,2009,"-22,13422737","-51,3772764","-51.3772763958197, -22.13422737453585",461093,7552267
EM Carlo Ceriani,116,7,23,39,20,1,206,224,2009,"-22,09104298","-51,40282719","-51.40282718863248, -22.09104297945366",458446,7557040
EM Carlos A. A. Campos (Eneida),58,15,2,8,13,0,96,65,2009,"-21,91682868","-51,3019639","-51.30196390452799, -21.91682867862754",468812,7576348
EM Carlos Braga (Ameliópolis),18,8,3,10,6,0,45,46,2009,"-21,80226704","-51,29735029","-51.29735028788697, -21.80226703609472",469264,7589029
EM Carlos Castilho Cabral,171,37,0,0,101,27,336,357,2009,"-22,09901054","-51,39297155","-51.39297155109593, -22.09901054208509",459465,7556161
EM Carmem Pereira Delfim,125,43,67,12,100,34,381,441,2009,"-22,13491679","-51,38146344","-51.38146344184742, -22.13491678924642",460662,7552190
EM Catarina Martins Artero,68,27,30,25,33,23,206,0,2009,"-22,1101911","-51,38068432","-51.38068432225982, -22.11019110237303",460735,7554927
EM Ditão,204,28,4,3,189,0,428,587,2009,"-22,10844038","-51,43157964","-51.43157963945204, -22.10844038037896",455485,7555107
EM Domingos F. de Medeiros,124,93,1,1,82,1,302,352,2009,"-22,1050689","-51,3892446","-51.38924460397457, -22.10506889832062",459851,7555491
EM Ederle Marangoni Dias,119,0,0,117,32,1,270,282,2009,"-22,10983998","-51,41971103","-51.41971103335685, -22.10983998169054",456710,7554955
EM Edna Carnelós Barbosa,58,0,0,48,13,1,124,153,2009,"-22,13865497","-51,38462796","-51.3846279645877, -22.13865497431422",460336,7551775
EM Edson Lopes,48,0,0,27,11,2,91,121,2009,"-22,14321923","-51,3936022","-51.39360220147683, -22.143219229454",459412,7551268
EM Eluísa R. Rodrigues,129,16,147,0,44,0,336,292,2009,"-22,11928173","-51,3870863","-51.38708629701948, -22.11928173266724",460077,7553919
EM Emilio Becker,251,120,70,1,30,4,476,468,2009,"-22,12770858","-51,377025","-51.37702499766941, -22.12770857779658",461117,7552989
EM Ettore Marangoni,60,1,1,16,13,0,91,318,2009,"-22,05108147","-51,34593889","-51.34593888602856, -22.05108146789168",464304,7561478
EM Francisca A. Góes Brandão,137,55,63,53,21,1,330,326,2009,"-22,13354296","-51,39984915","-51.39984915164156, -22.13354295954356",458765,7552337
EM Giseli Dalefi,127,22,3,348,230,4,734,782,2009,"-22,12946427","-51,44598922","-51.44598922040981, -22.12946427152818",454006,7552775
EM Ivo Garrido,80,15,1,20,60,17,193,215,2009,"-22,10222191","-51,43296095","-51.43296095109594, -22.10222191202309",455341,7555794
EM João Bohac,153,60,3,3,57,14,290,267,2009,"-22,14261288","-51,38408509","-51.38408509342323, -22.14261287878046",460393,7551337
EM João Franco de Godoy,139,43,61,62,85,48,438,554,2009,"-22,11324649","-51,39544043","-51.39544042835509, -22.1132464852897",459214,7554585
EM João Sebastião Lisboa,114,47,18,102,82,18,381,391,2009,"-22,12213719","-51,39951685","-51.39951685164191, -22.12213719468566",458796,7553599
EM José Carlos João,107,44,1,185,102,108,547,503,2009,"-22,14243888","-51,39100198","-51.39100198417588, -22.14243887858406",459680,7551355
EM José Carlos Pimenta,123,81,141,55,19,14,444,292,2009,"-22,11462692","-51,40558757","-51.40558757449566, -22.11462692157064",458168,7554429
EM José Soares Marcondes,291,117,0,64,172,13,657,660,2009,"-22,11933127","-51,38298954","-51.38298954369755, -22.11933127012247",460500,7553914
EM Jovita Terin,141,1,1,52,21,4,220,234,2009,"-22,08693107","-51,38393579","-51.38393578993529, -22.08693107237039",460393,7557501
EM Juracy Menezes Peralta,91,24,64,117,131,15,442,547,2009,"-22,08627167","-51,39632847","-51.39632847068484, -22.0862716737455",459115,7557570
EM Karina Krasucki,205,4,4,69,48,2,332,415,2009,"-22,15950528","-51,45422221","-51.4542222130108, -22.1595052797793",453167,7549447
EM Krisan Martin,41,0,6,44,19,4,114,143,2009,"-22,12864525","-51,44684507","-51.44684507, -22.12864525",453917,7552866
EM Maria do Socorro B. Almeida,211,39,5,122,126,21,524,548,2009,"-22,11417447","-51,43143416","-51.43143416, -22.11417447",455502,7554472
EM Maria Edite T. Perrone,79,1,1,10,20,1,113,149,2009,"-22,15396427","-51,38158887","-51.38158887, -22.15396427",460654,7550081
EM Maria Haddad Haidamus,47,0,5,41,21,1,116,145,2009,"-22,11815423","-51,37419753","-51.37419753, -22.11815423",461406,7554047
EM Nair Lebrão,76,0,1,50,14,3,144,159,2009,"-22,11241179","-51,4316003","-51.4316003, -22.11241179",455484,7554667
EM Nazarena Zamit,160,6,77,8,28,13,292,635,2009,"-22,13891023","-51,37550388","-51.37550388, -22.13891023",461277,7551749
EM Nirma Jorge,23,7,4,2,18,0,54,0,2009,"-22,08290807","-51,42601293","-51.42601292846014, -22.08290806964687",456051,7557934
EM Ocyr Azevedo,57,15,12,55,84,36,259,390,2009,"-22,10965964","-51,41226432","-51.41226432, -22.10965964",457478,7554977
EM Odette Duarte da Costa,116,22,74,46,35,5,298,392,2009,"-22,0768845","-51,36046337","-51.36046337, -22.0768845",462812,7558619
EM Pedro Furquim,205,52,88,11,88,59,503,606,2009,"-22,12320378","-51,37495963","-51.37495963, -22.12320378",461329,7553488
EM Rosana Negrão,46,17,0,79,34,6,182,227,2009,"-22,08331327","-51,43151345","-51.43151345, -22.08331327",455484,7557888
EM Rosy Odethy R. Brandão,175,30,6,34,39,7,291,325,2009,"-22,09506859","-51,40325912","-51.40325912, -22.09506859",458402,7556595
EM Rot. Antônio Zacarias - Rotariano,102,63,3,29,90,26,313,318,2009,"-22,12341692","-51,42356793","-51.423567928459306, -22.123416918139267",456316,7553451
EM Rui Carlos V. Berbet,194,33,25,57,149,25,483,647,2009,"-22,08600556","-51,38078723","-51.38078723, -22.08600556",460718,7557604
EM Valter Marques,32,1,15,9,6,0,63,109,2009,"-22,10436741","-51,38852207","-51.38852207264139, -22.10436741481833",459925,7555569
EM Vilma Álvares Gonçalves,217,26,110,14,39,9,415,450,2009,"-22,1485129","-51,37363456","-51.37363456, -22.1485129",461473,7550687
EM Vilma G. Martinez (Cedral),8,1,0,77,30,1,117,305,2009,"-22,1193264","-51,42795136","-51.42795136, -22.1193264",455863,7553903
Creche Anita Ferreira B. de Oliveira,51,0,0,18,12,1,82,0,2010,"-22,12931948","-51,39093791","-51.3909379079446, -22.1293194767267",459683,7552807
Creche C. S. Vicente Palotti – Lar dos Meninos,188,3,0,31,25,0,247,0,2010,"-22,09893604","-51,42313062","-51.42313061703766, -22.098936040183247",456354,7556161
Creche Clotilde Veiga de Barros,84,0,0,38,8,1,136,0,2010,"-22,10980342","-51,39429739","-51.3942973891786, -22.1098034221683",459331,7554966
Creche Meimei,94,0,0,18,8,0,126,0,2010,"-22,12970947","-51,41285799","-51.4128579891779, -22.129709471891232",457423,7552758
Creche UNESP,18,1,0,22,0,0,44,0,2010,"-22,11886076","-51,4092135","-51.409213504521, -22.1188607558322",457795,7553959
Creche Walter Figueiredo,97,7,0,34,16,2,156,0,2010,"-22,10895326","-51,38626791","-51.3862679124659, -22.1089532609603",460159,7555062
EE A. Arruda Mello,104,68,9,39,25,5,250,0,2010,"-22,12223576","-51,38954147","-51.389541472641135, -22.122235760751867",459825,7553591
EE Anna Antônio,281,40,10,153,55,21,560,833,2010,"-22,0910867","-51,38581814","-51.3858181413021, -22.0910867030776",460200,7557040
EE Antônio Fioravante de Menezes,45,66,34,16,231,22,414,487,2010,"-22,12970947","-51,3827848","-51.3827848045204, -22.1297094718912",460524,7552766
EE Arlindo Fantini,31,1,0,186,21,5,244,638,2010,"-22,10912648","-51,41076015","-51.41076014685, -22.1091264813455",457633,7555037
EE Celestina M. Teixeira,20,9,0,60,13,1,103,241,2010,"-21,95928647","-51,30795348","-51.30795347820825, -21.95928646996887",468203,7571647
EE Clotilde Veiga de Barros,76,184,114,138,286,31,829,1030,2010,"-22,14705769","-51,38574058","-51.3857405756843, -22.1470576858688",460224,7550845
EE Fátima Ap. Costa Falcon,48,50,1,123,47,4,273,474,2010,"-22,11761457","-51,43414793","-51.43414793335647, -22.11761457194364",455223,7554090
EE Fernando Costa,231,61,6,3,385,28,714,1446,2010,"-22,12019229","-51,3873924","-51.3873923952734, -22.1201922926299",460046,7553818
EE Florivaldo Leal,43,44,9,60,37,1,194,778,2010,"-22,12919703","-51,39326659","-51.3932665939704, -22.1291970251408",459443,7552820
EE Francisco Pessoa,113,42,70,221,115,40,601,1238,2010,"-22,15301289","-51,45192393","-51.4519239278068, -22.1530128905198",453401,7550167
EE Hugo Miele,255,132,4,21,87,16,515,885,2010,"-22,11208739","-51,39147965","-51.39147965164236, -22.11208738847396",459622,7554714
EE João Alfredo da Silva (Eneida),36,30,2,0,5,0,73,85,2010,"-21,91387708","-51,30195046","-51.30195046100961, -21.91387708270785",468813,7576674
EE Joel Antônio de Lima Genésio,78,45,7,96,54,14,294,461,2010,"-22,11444383","-51,42615186","-51.42615185849335, -22.11444383299049",456047,7554444
EE José Foz,110,51,7,61,53,35,317,527,2010,"-22,12208117","-51,37673732","-51.37673732041002, -22.12208117264124",461146,7553612
EE Maria Luiza Bastos,30,16,2,217,18,2,285,558,2010,"-22,13214161","-51,40524606","-51.40524605903943, -22.13214160526277",458208,7552491
EE Maria Luiza Formozinho Ribeiro,185,88,5,75,52,14,419,900,2010,"-22,12205514","-51,39966794","-51.39966793575265, -22.12205514355007",458781,7553609
EE Marieta Ferraz de Assunção,66,23,0,168,31,5,293,550,2010,"-22,13826568","-51,38899915","-51.38899915479362, -22.13826568169748",459886,7551817
EE Marrey Junior,45,89,52,41,151,33,411,692,2010,"-22,10681416","-51,39622964","-51.39622963760267, -22.10681415866147",459131,7555296
EE Miguel Omar Bareto,28,48,12,201,43,0,332,665,2010,"-22,13297741","-51,437803","-51.43780300136813, -22.13297740614673",454851,7552389
EE Mirella P. Desidere,174,61,8,169,48,3,463,1268,2010,"-22,1103463","-51,4287836","-51.42878359712329, -22.11034630426748",455774,7554896
EE Monsenhor Sarrion,194,82,0,311,29,1,617,1458,2010,"-22,13369718","-51,39093009","-51.39093008972468, -22.13369717779597",459685,7552322
EE Pedro Tofano –Montalvão,73,67,26,61,85,5,317,324,2010,"-22,0511197","-51,34701711","-51.34701710876899, -22.0511197037584",464193,7561474
EE Placídio Braga Nogueira,206,179,115,73,144,50,767,701,2010,"-22,13864919","-51,37491486","-51.37491485903934, -22.13864918512999",461338,7551778
EE Tannel Abud,112,63,2,170,40,7,394,979,2010,"-22,11460143","-51,37609601","-51.37609600506788, -22.11460142859055",461210,7554440
EM Alayde T. F. Motta,57,89,10,142,128,28,454,527,2010,"-22,14473417","-51,38256092","-51.38256091616356, -22.14473416973062",460551,7551103
EM Alberto Bernardes Sotelo,45,4,4,44,32,0,129,148,2010,"-22,13978827","-51,35372317","-51.35372316886564, -22.13978827470154",463524,7551657
EM Antonio Moreira Lima,54,44,16,168,129,46,457,470,2010,"-22,16016961","-51,45548561","-51.45548561137047, -22.16016960807991",453037,7549373
EM Aparecida Alves,57,2,12,76,49,1,197,233,2010,"-22,14361969","-51,39497096","-51.39497095849231, -22.14361969237946",459271,7551223
EM Aziz Felipe,78,1,1,82,23,11,197,272,2010,"-22,13422737","-51,3772764","-51.3772763958197, -22.13422737453585",461093,7552267
EM Carlo Ceriani,3,23,35,74,59,50,244,247,2010,"-22,09104298","-51,40282719","-51.40282718863248, -22.09104297945366",458446,7557040
EM Carlos A. A. Campos (Eneida),20,11,1,23,21,0,76,66,2010,"-21,91682868","-51,3019639","-51.30196390452799, -21.91682867862754",468812,7576348
EM Carlos Braga (Ameliópolis),0,0,0,37,3,0,40,41,2010,"-21,80226704","-51,29735029","-51.29735028788697, -21.80226703609472",469264,7589029
EM Carlos Castilho Cabral,141,38,0,3,102,19,303,306,2010,"-22,09901054","-51,39297155","-51.39297155109593, -22.09901054208509",459465,7556161
EM Carmem Pereira Delfim,35,5,1,206,107,0,354,368,2010,"-22,13491679","-51,38146344","-51.38146344184742, -22.13491678924642",460662,7552190
EM Catarina Martins Artero,45,19,16,37,71,22,210,0,2010,"-22,1101911","-51,38068432","-51.38068432225982, -22.11019110237303",460735,7554927
EM Ditão,205,24,10,30,153,0,422,521,2010,"-22,10844038","-51,43157964","-51.43157963945204, -22.10844038037896",455485,7555107
EM Domingos F. de Medeiros,133,70,0,14,61,5,283,325,2010,"-22,1050689","-51,3892446","-51.38924460397457, -22.10506889832062",459851,7555491
EM Ederle Marangoni Dias,69,0,0,84,28,0,185,261,2010,"-22,10983998","-51,41971103","-51.41971103335685, -22.10983998169054",456710,7554955
EM Edna Carnelós Barbosa,36,0,0,66,7,0,112,148,2010,"-22,13865497","-51,38462796","-51.3846279645877, -22.13865497431422",460336,7551775
EM Edson Lopes,34,1,0,36,6,1,81,116,2010,"-22,14321923","-51,3936022","-51.39360220147683, -22.143219229454",459412,7551268
EM Eluísa R. Rodrigues,176,8,6,3,71,0,264,274,2010,"-22,11928173","-51,3870863","-51.38708629701948, -22.11928173266724",460077,7553919
EM Emilio Becker,105,93,12,90,93,9,402,399,2010,"-22,12770858","-51,377025","-51.37702499766941, -22.12770857779658",461117,7552989
EM Ettore Marangoni,52,5,3,12,11,1,84,297,2010,"-22,05108147","-51,34593889","-51.34593888602856, -22.05108146789168",464304,7561478
EM Francisca A. Góes Brandão,153,64,35,59,7,1,319,299,2010,"-22,13354296","-51,39984915","-51.39984915164156, -22.13354295954356",458765,7552337
EM Giseli Dalefi,32,17,4,342,127,15,537,745,2010,"-22,12946427","-51,44598922","-51.44598922040981, -22.12946427152818",454006,7552775
EM Ivo Garrido,35,8,0,68,41,35,187,211,2010,"-22,10222191","-51,43296095","-51.43296095109594, -22.10222191202309",455341,7555794
EM João Bohac,87,24,20,49,64,11,255,245,2010,"-22,14261288","-51,38408509","-51.38408509342323, -22.14261287878046",460393,7551337
EM João Franco de Godoy,158,47,45,63,90,12,415,540,2010,"-22,11324649","-51,39544043","-51.39544042835509, -22.1132464852897",459214,7554585
EM João Sebastião Lisboa,95,31,10,114,78,15,343,341,2010,"-22,12213719","-51,39951685","-51.39951685164191, -22.12213719468566",458796,7553599
EM José Carlos João,46,26,0,226,97,6,401,480,2010,"-22,14243888","-51,39100198","-51.39100198417588, -22.14243887858406",459680,7551355
EM José Carlos Pimenta,76,62,79,22,36,11,286,248,2010,"-22,11462692","-51,40558757","-51.40558757449566, -22.11462692157064",458168,7554429
EM José Soares Marcondes,319,95,1,9,141,19,584,610,2010,"-22,11933127","-51,38298954","-51.38298954369755, -22.11933127012247",460500,7553914
EM Jovita Terin,79,1,2,84,51,13,231,275,2010,"-22,08693107","-51,38393579","-51.38393578993529, -22.08693107237039",460393,7557501
EM Juracy Menezes Peralta,73,13,7,98,118,86,395,469,2010,"-22,08627167","-51,39632847","-51.39632847068484, -22.0862716737455",459115,7557570
EM Karina Krasucki,264,7,14,78,59,0,422,497,2010,"-22,15950528","-51,45422221","-51.4542222130108, -22.1595052797793",453167,7549447
EM Krisan Martin,33,0,0,60,16,1,113,145,2010,"-22,12864525","-51,44684507","-51.44684507, -22.12864525",453917,7552866
EM Maria do Socorro B. Almeida,139,39,2,168,102,11,461,517,2010,"-22,11417447","-51,43143416","-51.43143416, -22.11417447",455502,7554472
EM Maria Haddad Haidamus,66,1,1,34,9,7,118,155,2010,"-22,11815423","-51,37419753","-51.37419753, -22.11815423",461406,7554047
EM Maria Isabel B. Negrão,29,5,6,63,40,13,156,170,2010,"-22,15900351","-51,45243652","-51.45243652, -22.15900351",453351,7549503
EM Nair Lebrão,62,0,0,61,5,0,130,163,2010,"-22,11241179","-51,4316003","-51.4316003, -22.11241179",455484,7554667
EM Nazarena Zamit,214,29,207,53,98,39,640,592,2010,"-22,13891023","-51,37550388","-51.37550388, -22.13891023",461277,7551749
EM Ocyr Azevedo,85,45,6,52,79,2,269,349,2010,"-22,10965964","-51,41226432","-51.41226432, -22.10965964",457478,7554977
EM Odette Duarte da Costa,76,7,1,104,60,6,254,369,2010,"-22,0768845","-51,36046337","-51.36046337, -22.0768845",462812,7558619
EM Pedro Furquim,145,70,44,51,90,69,469,517,2010,"-22,12320378","-51,37495963","-51.37495963, -22.12320378",461329,7553488
EM Rosana Negrão,41,8,0,100,7,0,156,207,2010,"-22,08331327","-51,43151345","-51.43151345, -22.08331327",455484,7557888
EM Rosy Odethy R. Brandão,143,15,9,110,24,5,306,322,2010,"-22,09506859","-51,40325912","-51.40325912, -22.09506859",458402,7556595
EM Rot. Antônio Zacarias - Rotariano,98,58,4,34,79,29,302,335,2010,"-22,12341692","-51,42356793","-51.423567928459306, -22.123416918139267",456316,7553451
EM Rui Carlos V. Berbet,104,17,33,137,99,33,423,525,2010,"-22,08600556","-51,38078723","-51.38078723, -22.08600556",460718,7557604
EM Valter Marques,63,0,0,15,4,1,98,104,2010,"-22,10436741","-51,38852207","-51.38852207264139, -22.10436741481833",459925,7555569
EM Vilma Álvares Gonçalves,106,6,145,9,94,36,396,435,2010,"-22,1485129","-51,37363456","-51.37363456, -22.1485129",461473,7550687
EM Vilma G. Martinez (Cedral),23,0,0,124,33,0,180,229,2010,"-22,1193264","-51,42795136","-51.42795136, -22.1193264",455863,7553903
Creche Anita Ferreira B. de Oliveira,87,4,0,0,7,0,107,0,2011,"-22,12931948","-51,39093791","-51.3909379079446, -22.1293194767267",459683,7552807
Creche C. S. Vicente Palotti – Lar dos Meninos,76,0,0,23,2,0,101,0,2011,"-22,09893604","-51,42313062","-51.42313061703766, -22.098936040183247",456354,7556161
Creche Clotilde Veiga de Barros,77,1,11,9,1,0,99,0,2011,"-22,10980342","-51,39429739","-51.3942973891786, -22.1098034221683",459331,7554966
Creche Meimei,66,0,0,33,4,0,105,0,2011,"-22,12970947","-51,41285799","-51.4128579891779, -22.129709471891232",457423,7552758
Creche UNESP,22,0,0,9,0,0,32,0,2011,"-22,11886076","-51,4092135","-51.409213504521, -22.1188607558322",457795,7553959
Creche Walter Figueiredo,81,3,6,6,11,1,108,0,2011,"-22,10895326","-51,38626791","-51.3862679124659, -22.1089532609603",460159,7555062
EE Anna Antônio,250,110,26,53,65,21,525,836,2011,"-22,0910867","-51,38581814","-51.3858181413021, -22.0910867030776",460200,7557040
EE Antônio Fioravante de Menezes,39,77,41,12,235,9,413,503,2011,"-22,12970947","-51,3827848","-51.3827848045204, -22.1297094718912",460524,7552766
EE Arlindo Fantini,114,19,0,57,31,2,223,681,2011,"-22,10912648","-51,41076015","-51.41076014685, -22.1091264813455",457633,7555037
EE Celestina M. Teixeira,41,14,0,24,16,5,100,241,2011,"-21,95928647","-51,30795348","-51.30795347820825, -21.95928646996887",468203,7571647
EE Clotilde Veiga de Barros,181,192,92,64,308,4,841,1116,2011,"-22,14705769","-51,38574058","-51.3857405756843, -22.1470576858688",460224,7550845
EE Fátima Ap. Costa Falcon,132,66,7,44,17,7,273,493,2011,"-22,11761457","-51,43414793","-51.43414793335647, -22.11761457194364",455223,7554090
EE Fernando Costa,265,66,14,5,389,26,765,1511,2011,"-22,12019229","-51,3873924","-51.3873923952734, -22.1201922926299",460046,7553818
EE Florivaldo Leal,186,51,5,6,14,2,264,810,2011,"-22,12919703","-51,39326659","-51.3932665939704, -22.1291970251408",459443,7552820
EE Francisco Pessoa,242,61,19,123,37,3,485,1187,2011,"-22,15301289","-51,45192393","-51.4519239278068, -22.1530128905198",453401,7550167
EE Hugo Miele,458,267,1,48,112,19,905,885,2011,"-22,11208739","-51,39147965","-51.39147965164236, -22.11208738847396",459622,7554714
EE João Alfredo da Silva (Eneida),34,21,3,1,5,0,64,86,2011,"-21,91387708","-51,30195046","-51.30195046100961, -21.91387708270785",468813,7576674
EE Joel Antônio de Lima Genésio,85,35,95,20,41,8,284,460,2011,"-22,11444383","-51,42615186","-51.42615185849335, -22.11444383299049",456047,7554444
EE José Foz,99,72,1,53,50,20,295,544,2011,"-22,12208117","-51,37673732","-51.37673732041002, -22.12208117264124",461146,7553612
EE Maria Luiza Bastos,168,52,0,41,7,3,271,549,2011,"-22,13214161","-51,40524606","-51.40524605903943, -22.13214160526277",458208,7552491
EE Maria Luiza Formozinho Ribeiro,238,84,6,71,42,8,449,916,2011,"-22,12205514","-51,39966794","-51.39966793575265, -22.12205514355007",458781,7553609
EE Marieta Ferraz de Assunção,172,68,0,49,44,4,337,567,2011,"-22,13826568","-51,38899915","-51.38899915479362, -22.13826568169748",459886,7551817
EE Marrey Junior,78,99,39,50,104,24,394,670,2011,"-22,10681416","-51,39622964","-51.39622963760267, -22.10681415866147",459131,7555296
EE Miguel Omar Bareto,231,71,5,12,35,0,354,687,2011,"-22,13297741","-51,437803","-51.43780300136813, -22.13297740614673",454851,7552389
EE Mirella P. Desidere,226,149,1,97,49,5,527,1218,2011,"-22,1103463","-51,4287836","-51.42878359712329, -22.11034630426748",455774,7554896
EE Monsenhor Sarrion,403,120,0,90,34,3,650,1450,2011,"-22,13369718","-51,39093009","-51.39093008972468, -22.13369717779597",459685,7552322
EE Pedro Tofano –Montalvão,101,78,6,34,94,11,324,341,2011,"-22,0511197","-51,34701711","-51.34701710876899, -22.0511197037584",464193,7561474
EE Placídio Braga Nogueira,162,143,91,76,157,46,675,638,2011,"-22,13864919","-51,37491486","-51.37491485903934, -22.13864918512999",461338,7551778
EE Tannel Abud,137,102,2,155,57,19,472,954,2011,"-22,11460143","-51,37609601","-51.37609600506788, -22.11460142859055",461210,7554440
EM Alayde T. F. Motta,96,88,37,96,65,76,458,544,2011,"-22,14473417","-51,38256092","-51.38256091616356, -22.14473416973062",460551,7551103
EM Alberto Bernardes Sotelo,52,4,2,31,36,3,128,158,2011,"-22,13978827","-51,35372317","-51.35372316886564, -22.13978827470154",463524,7551657
EM Antonio Moreira Lima,58,42,8,133,110,32,383,415,2011,"-22,16016961","-51,45548561","-51.45548561137047, -22.16016960807991",453037,7549373
EM Aparecida Alves,87,1,8,12,40,1,149,180,2011,"-22,14361969","-51,39497096","-51.39497095849231, -22.14361969237946",459271,7551223
EM Aziz Felipe,64,2,2,114,34,7,223,270,2011,"-22,13422737","-51,3772764","-51.3772763958197, -22.13422737453585",461093,7552267
EM Carlo Ceriani,111,5,33,14,9,3,176,262,2011,"-22,09104298","-51,40282719","-51.40282718863248, -22.09104297945366",458446,7557040
EM Carlos A. A. Campos (Eneida),42,10,4,8,21,0,89,63,2011,"-21,91682868","-51,3019639","-51.30196390452799, -21.91682867862754",468812,7576348
EM Carlos Braga (Ameliópolis),9,5,0,16,1,0,31,44,2011,"-21,80226704","-51,29735029","-51.29735028788697, -21.80226703609472",469264,7589029
EM Carlos Castilho Cabral,148,47,5,0,91,12,303,297,2011,"-22,09901054","-51,39297155","-51.39297155109593, -22.09901054208509",459465,7556161
EM Carmem Pereira Delfim,92,34,16,49,107,17,315,333,2011,"-22,13491679","-51,38146344","-51.38146344184742, -22.13491678924642",460662,7552190
EM Catarina Martins Artero,86,32,3,12,47,21,201,190,2011,"-22,1101911","-51,38068432","-51.38068432225982, -22.11019110237303",460735,7554927
EM Ditão,197,23,3,54,145,0,422,515,2011,"-22,10844038","-51,43157964","-51.43157963945204, -22.10844038037896",455485,7555107
EM Domingos F. de Medeiros,107,84,0,18,80,0,289,303,2011,"-22,1050689","-51,3892446","-51.38924460397457, -22.10506889832062",459851,7555491
EM Ederle Marangoni Dias,171,2,0,18,32,0,227,276,2011,"-22,10983998","-51,41971103","-51.41971103335685, -22.10983998169054",456710,7554955
EM Edna Carnelós Barbosa,66,1,0,13,5,0,88,118,2011,"-22,13865497","-51,38462796","-51.3846279645877, -22.13865497431422",460336,7551775
EM Edson Lopes,31,0,0,49,7,3,101,128,2011,"-22,14321923","-51,3936022","-51.39360220147683, -22.143219229454",459412,7551268
EM Eluísa R. Rodrigues,163,14,14,4,89,0,284,268,2011,"-22,11928173","-51,3870863","-51.38708629701948, -22.11928173266724",460077,7553919
EM Emilio Becker,119,66,51,63,41,7,347,366,2011,"-22,12770858","-51,377025","-51.37702499766941, -22.12770857779658",461117,7552989
EM Ettore Marangoni,58,7,2,5,11,0,83,288,2011,"-22,05108147","-51,34593889","-51.34593888602856, -22.05108146789168",464304,7561478
EM Francisca A. Góes Brandão,137,50,51,40,18,4,300,299,2011,"-22,13354296","-51,39984915","-51.39984915164156, -22.13354295954356",458765,7552337
EM Giseli Dalefi,127,40,19,150,208,31,575,742,2011,"-22,12946427","-51,44598922","-51.44598922040981, -22.12946427152818",454006,7552775
EM Ivo Garrido,44,6,2,57,52,11,172,224,2011,"-22,10222191","-51,43296095","-51.43296095109594, -22.10222191202309",455341,7555794
EM João Bohac,118,14,9,24,41,16,222,236,2011,"-22,14261288","-51,38408509","-51.38408509342323, -22.14261287878046",460393,7551337
EM João Franco de Godoy,164,86,32,80,79,17,458,565,2011,"-22,11324649","-51,39544043","-51.39544042835509, -22.1132464852897",459214,7554585
EM João Sebastião Lisboa,139,35,7,91,63,21,356,341,2011,"-22,12213719","-51,39951685","-51.39951685164191, -22.12213719468566",458796,7553599
EM José Carlos João,237,86,0,17,67,2,409,491,2011,"-22,14243888","-51,39100198","-51.39100198417588, -22.14243887858406",459680,7551355
EM José Soares Marcondes,316,76,63,65,103,1,624,642,2011,"-22,11933127","-51,38298954","-51.38298954369755, -22.11933127012247",460500,7553914
EM Jovita Terin,63,2,4,80,39,5,195,264,2011,"-22,08693107","-51,38393579","-51.38393578993529, -22.08693107237039",460393,7557501
EM Juracy Menezes Peralta,119,36,95,28,53,42,373,440,2011,"-22,08627167","-51,39632847","-51.39632847068484, -22.0862716737455",459115,7557570
EM Karina Krasucki,311,6,3,12,37,2,380,511,2011,"-22,15950528","-51,45422221","-51.4542222130108, -22.1595052797793",453167,7549447
EM Krisan Martin,77,2,2,20,12,0,115,144,2011,"-22,12864525","-51,44684507","-51.44684507, -22.12864525",453917,7552866
EM Maria do Socorro B. Almeida,212,46,4,45,105,13,425,502,2011,"-22,11417447","-51,43143416","-51.43143416, -22.11417447",455502,7554472
EM Maria Edite T. Perrone,29,1,1,6,8,0,47,57,2011,"-22,15396427","-51,38158887","-51.38158887, -22.15396427",460654,7550081
EM Maria Haddad Haidamus,55,3,3,57,13,4,136,178,2011,"-22,11815423","-51,37419753","-51.37419753, -22.11815423",461406,7554047
EM Maria Isabel B. Negrão,21,10,4,90,34,16,175,186,2011,"-22,15900351","-51,45243652","-51.45243652, -22.15900351",453351,7549503
EM Nair Lebrão,97,0,5,9,5,0,119,171,2011,"-22,11241179","-51,4316003","-51.4316003, -22.11241179",455484,7554667
EM Nazarena Zamit,195,5,110,9,46,3,368,582,2011,"-22,13891023","-51,37550388","-51.37550388, -22.13891023",461277,7551749
EM Ocyr Azevedo,51,14,0,68,63,32,228,327,2011,"-22,10965964","-51,41226432","-51.41226432, -22.10965964",457478,7554977
EM Odette Duarte da Costa,83,14,46,34,25,29,231,381,2011,"-22,0768845","-51,36046337","-51.36046337, -22.0768845",462812,7558619
EM Pedro Furquim,94,21,5,88,105,57,370,512,2011,"-22,12320378","-51,37495963","-51.37495963, -22.12320378",461329,7553488
EM Rosana Negrão,118,16,6,54,33,2,229,275,2011,"-22,08331327","-51,43151345","-51.43151345, -22.08331327",455484,7557888
EM Rosy Odethy R. Brandão,131,11,1,39,37,10,229,283,2011,"-22,09506859","-51,40325912","-51.40325912, -22.09506859",458402,7556595
EM Rot. Antônio Zacarias - Rotariano,97,53,0,50,98,17,315,346,2011,"-22,12341692","-51,42356793","-51.423567928459306, -22.123416918139267",456316,7553451
EM Rui Carlos V. Berbet,173,23,14,70,121,18,419,529,2011,"-22,08600556","-51,38078723","-51.38078723, -22.08600556",460718,7557604
EM Valter Marques,63,0,0,22,5,2,94,111,2011,"-22,10436741","-51,38852207","-51.38852207264139, -22.10436741481833",459925,7555569
EM Vilma Álvares Gonçalves,164,40,12,72,89,4,381,428,2011,"-22,1485129","-51,37363456","-51.37363456, -22.1485129",461473,7550687
EM Vilma G. Martinez (Cedral),149,6,0,10,26,0,191,252,2011,"-22,1193264","-51,42795136","-51.42795136, -22.1193264",455863,7553903
EM Vovó Silvéria,30,3,2,34,12,0,90,119,2011,"-22,08917001","-51,41278468","-51.41278468, -22.08917001",457418,7557245
Creche Anita Ferreira B. de Oliveira,49,0,0,27,1,2,80,0,2012,"-22,12931948","-51,39093791","-51.3909379079446, -22.1293194767267",459683,7552807
Creche C. S. Vicente Palotti – Lar dos Meninos,150,1,2,34,15,0,209,0,2012,"-22,09893604","-51,42313062","-51.42313061703766, -22.098936040183247",456354,7556161
Creche Clotilde Veiga de Barros,72,1,0,30,12,2,120,147,2012,"-22,10980342","-51,39429739","-51.3942973891786, -22.1098034221683",459331,7554966
Creche Meimei,69,0,0,23,9,0,102,0,2012,"-22,12970947","-51,41285799","-51.4128579891779, -22.129709471891232",457423,7552758
Creche UNESP,12,0,0,3,4,0,19,0,2012,"-22,11886076","-51,4092135","-51.409213504521, -22.1188607558322",457795,7553959
Creche Walter Figueiredo,43,0,0,36,5,1,88,0,2012,"-22,10895326","-51,38626791","-51.3862679124659, -22.1089532609603",460159,7555062
EE Anna Antônio,149,48,11,120,71,16,415,781,2012,"-22,0910867","-51,38581814","-51.3858181413021, -22.0910867030776",460200,7557040
EE Antônio Fioravante de Menezes,33,57,39,13,249,8,399,494,2012,"-22,12970947","-51,3827848","-51.3827848045204, -22.1297094718912",460524,7552766
EE Arlindo Fantini,143,28,36,17,56,19,299,658,2012,"-22,10912648","-51,41076015","-51.41076014685, -22.1091264813455",457633,7555037
EE Celestina M. Teixeira,114,43,22,11,10,3,203,240,2012,"-21,95928647","-51,30795348","-51.30795347820825, -21.95928646996887",468203,7571647
EE Clotilde Veiga de Barros,189,248,111,48,331,4,931,1162,2012,"-22,14705769","-51,38574058","-51.3857405756843, -22.1470576858688",460224,7550845
EE Fátima Ap. Costa Falcon,106,50,5,86,43,8,298,497,2012,"-22,11761457","-51,43414793","-51.43414793335647, -22.11761457194364",455223,7554090
EE Fernando Costa,281,156,77,21,97,16,648,1390,2012,"-22,12019229","-51,3873924","-51.3873923952734, -22.1201922926299",460046,7553818
EE Florivaldo Leal,99,36,8,53,31,21,248,1079,2012,"-22,12919703","-51,39326659","-51.3932665939704, -22.1291970251408",459443,7552820
EE Francisco Pessoa,267,60,0,120,57,24,528,1074,2012,"-22,15301289","-51,45192393","-51.4519239278068, -22.1530128905198",453401,7550167
EE Hugo Miele,243,105,4,25,108,7,492,780,2012,"-22,11208739","-51,39147965","-51.39147965164236, -22.11208738847396",459622,7554714
EE João Alfredo da Silva (Eneida),1,1,0,45,11,1,59,81,2012,"-21,91387708","-51,30195046","-51.30195046100961, -21.91387708270785",468813,7576674
EE Joel Antônio de Lima Genésio,133,56,5,8,70,26,298,445,2012,"-22,11444383","-51,42615186","-51.42615185849335, -22.11444383299049",456047,7554444
EE José Foz,98,40,9,79,55,22,303,538,2012,"-22,12208117","-51,37673732","-51.37673732041002, -22.12208117264124",461146,7553612
EE Maria Luiza Bastos,154,45,0,58,7,1,265,493,2012,"-22,13214161","-51,40524606","-51.40524605903943, -22.13214160526277",458208,7552491
EE Maria Luiza Formozinho Ribeiro,204,115,3,69,36,11,438,884,2012,"-22,12205514","-51,39966794","-51.39966793575265, -22.12205514355007",458781,7553609
EE Marieta Ferraz de Assunção,103,86,3,61,52,20,325,563,2012,"-22,13826568","-51,38899915","-51.38899915479362, -22.13826568169748",459886,7551817
EE Marrey Junior,80,105,84,87,75,48,479,438,2012,"-22,10681416","-51,39622964","-51.39622963760267, -22.10681415866147",459131,7555296
EE Miguel Omar Bareto,229,64,1,11,27,0,332,638,2012,"-22,13297741","-51,437803","-51.43780300136813, -22.13297740614673",454851,7552389
EE Mirella P. Desidere,185,58,3,153,27,0,426,1174,2012,"-22,1103463","-51,4287836","-51.42878359712329, -22.11034630426748",455774,7554896
EE Monsenhor Sarrion,239,64,28,128,83,24,566,1434,2012,"-22,13369718","-51,39093009","-51.39093008972468, -22.13369717779597",459685,7552322
EE Pedro Tofano –Montalvão,94,82,16,28,128,6,354,339,2012,"-22,0511197","-51,34701711","-51.34701710876899, -22.0511197037584",464193,7561474
EE Placídio Braga Nogueira,158,109,77,66,151,42,603,522,2012,"-22,13864919","-51,37491486","-51.37491485903934, -22.13864918512999",461338,7551778
EE Tannel Abud,197,94,16,35,63,27,432,911,2012,"-22,11460143","-51,37609601","-51.37609600506788, -22.11460142859055",461210,7554440
EM Alayde T. F. Motta,99,91,32,68,90,32,412,469,2012,"-22,14473417","-51,38256092","-51.38256091616356, -22.14473416973062",460551,7551103
EM Alberto Bernardes Sotelo,52,2,8,1,5,0,68,156,2012,"-22,13978827","-51,35372317","-51.35372316886564, -22.13978827470154",463524,7551657
EM Antonio Moreira Lima,209,38,11,46,98,4,406,424,2012,"-22,16016961","-51,45548561","-51.45548561137047, -22.16016960807991",453037,7549373
EM Aparecida Alves,137,0,2,10,19,0,168,200,2012,"-22,14361969","-51,39497096","-51.39497095849231, -22.14361969237946",459271,7551223
EM Aziz Felipe,192,2,3,70,53,1,323,355,2012,"-22,13422737","-51,3772764","-51.3772763958197, -22.13422737453585",461093,7552267
EM Carlo Ceriani,105,2,6,94,68,0,281,297,2012,"-22,09104298","-51,40282719","-51.40282718863248, -22.09104297945366",458446,7557040
EM Carlos A. A. Campos (Eneida),10,1,1,34,34,2,84,62,2012,"-21,91682868","-51,3019639","-51.30196390452799, -21.91682867862754",468812,7576348
EM Carlos Braga (Ameliópolis),3,0,0,17,10,0,30,38,2012,"-21,80226704","-51,29735029","-51.29735028788697, -21.80226703609472",469264,7589029
EM Carlos Castilho Cabral,107,34,12,0,103,23,279,297,2012,"-22,09901054","-51,39297155","-51.39297155109593, -22.09901054208509",459465,7556161
EM Carmem Pereira Delfim,94,20,34,60,91,27,326,344,2012,"-22,13491679","-51,38146344","-51.38146344184742, -22.13491678924642",460662,7552190
EM Catarina Martins Artero,43,8,36,39,45,18,189,189,2012,"-22,1101911","-51,38068432","-51.38068432225982, -22.11019110237303",460735,7554927
EM Ditão,119,14,0,89,132,0,354,472,2012,"-22,10844038","-51,43157964","-51.43157963945204, -22.10844038037896",455485,7555107
EM Domingos F. de Medeiros,177,51,14,14,39,8,303,287,2012,"-22,1050689","-51,3892446","-51.38924460397457, -22.10506889832062",459851,7555491
EM Ederle Marangoni Dias,121,1,0,70,29,2,224,295,2012,"-22,10983998","-51,41971103","-51.41971103335685, -22.10983998169054",456710,7554955
EM Edna Carnelós Barbosa,85,0,0,15,4,0,115,137,2012,"-22,13865497","-51,38462796","-51.3846279645877, -22.13865497431422",460336,7551775
EM Edson Lopes,82,0,1,9,4,0,107,121,2012,"-22,14321923","-51,3936022","-51.39360220147683, -22.143219229454",459412,7551268
EM Eluísa R. Rodrigues,149,29,78,0,55,1,312,276,2012,"-22,11928173","-51,3870863","-51.38708629701948, -22.11928173266724",460077,7553919
EM Emilio Becker,124,56,40,50,41,8,319,303,2012,"-22,12770858","-51,377025","-51.37702499766941, -22.12770857779658",461117,7552989
EM Ettore Marangoni,67,0,0,3,8,0,79,273,2012,"-22,05108147","-51,34593889","-51.34593888602856, -22.05108146789168",464304,7561478
EM Francisca A. Góes Brandão,169,40,0,16,16,2,243,285,2012,"-22,13354296","-51,39984915","-51.39984915164156, -22.13354295954356",458765,7552337
EM Giseli Dalefi,89,72,38,219,198,31,647,774,2012,"-22,12946427","-51,44598922","-51.44598922040981, -22.12946427152818",454006,7552775
EM Ivo Garrido,35,9,2,56,64,17,183,232,2012,"-22,10222191","-51,43296095","-51.43296095109594, -22.10222191202309",455341,7555794
EM João Bohac,126,7,7,3,40,0,183,233,2012,"-22,14261288","-51,38408509","-51.38408509342323, -22.14261287878046",460393,7551337
EM João Franco de Godoy,175,23,15,30,136,34,413,499,2012,"-22,11324649","-51,39544043","-51.39544042835509, -22.1132464852897",459214,7554585
EM João Sebastião Lisboa,112,37,10,82,58,13,312,320,2012,"-22,12213719","-51,39951685","-51.39951685164191, -22.12213719468566",458796,7553599
EM José Carlos João,183,30,1,56,113,4,387,438,2012,"-22,14243888","-51,39100198","-51.39100198417588, -22.14243887858406",459680,7551355
EM José Soares Marcondes,330,81,53,65,110,0,639,650,2012,"-22,11933127","-51,38298954","-51.38298954369755, -22.11933127012247",460500,7553914
EM Jovita Terin,100,24,0,101,45,1,271,243,2012,"-22,08693107","-51,38393579","-51.38393578993529, -22.08693107237039",460393,7557501
EM Juracy Menezes Peralta,46,22,46,143,66,29,352,455,2012,"-22,08627167","-51,39632847","-51.39632847068484, -22.0862716737455",459115,7557570
EM Karina Krasucki,242,6,6,147,59,3,468,533,2012,"-22,15950528","-51,45422221","-51.4542222130108, -22.1595052797793",453167,7549447
EM Krisan Martin,62,2,1,65,9,0,139,168,2012,"-22,12864525","-51,44684507","-51.44684507, -22.12864525",453917,7552866
EM Maria do Socorro B. Almeida,183,30,1,129,114,12,469,511,2012,"-22,11417447","-51,43143416","-51.43143416, -22.11417447",455502,7554472
EM Maria Edite T. Perrone,42,0,0,4,4,0,53,83,2012,"-22,15396427","-51,38158887","-51.38158887, -22.15396427",460654,7550081
EM Maria Haddad Haidamus,89,1,4,54,20,6,176,178,2012,"-22,11815423","-51,37419753","-51.37419753, -22.11815423",461406,7554047
EM Maria Isabel B. Negrão,101,2,12,22,30,8,175,182,2012,"-22,15900351","-51,45243652","-51.45243652, -22.15900351",453351,7549503
EM Nair Lebrão,73,0,0,61,17,0,159,172,2012,"-22,11241179","-51,4316003","-51.4316003, -22.11241179",455484,7554667
EM Nazarena Zamit,54,8,5,125,66,9,267,246,2012,"-22,13891023","-51,37550388","-51.37550388, -22.13891023",461277,7551749
EM Ocyr Azevedo,57,1,29,99,57,14,257,361,2012,"-22,10965964","-51,41226432","-51.41226432, -22.10965964",457478,7554977
EM Odette Duarte da Costa,91,106,79,24,51,12,363,421,2012,"-22,0768845","-51,36046337","-51.36046337, -22.0768845",462812,7558619
EM Pedro Furquim,168,37,66,46,99,36,452,544,2012,"-22,12320378","-51,37495963","-51.37495963, -22.12320378",461329,7553488
EM Rosana Negrão,171,16,8,43,36,6,280,296,2012,"-22,08331327","-51,43151345","-51.43151345, -22.08331327",455484,7557888
EM Rosy Odethy R. Brandão,166,9,4,58,27,5,269,295,2012,"-22,09506859","-51,40325912","-51.40325912, -22.09506859",458402,7556595
EM Rot. Antônio Zacarias - Rotariano,101,60,5,30,77,24,297,296,2012,"-22,12341692","-51,42356793","-51.423567928459306, -22.123416918139267",456316,7553451
EM Rui Carlos V. Berbet,142,21,18,30,122,35,368,463,2012,"-22,08600556","-51,38078723","-51.38078723, -22.08600556",460718,7557604
EM Valter Marques,49,9,7,18,10,0,95,111,2012,"-22,10436741","-51,38852207","-51.38852207264139, -22.10436741481833",459925,7555569
EM Vilma Álvares Gonçalves,62,7,6,336,19,1,431,459,2012,"-22,1485129","-51,37363456","-51.37363456, -22.1485129",461473,7550687
EM Vilma G. Martinez (Cedral),79,4,14,54,38,12,201,256,2012,"-22,1193264","-51,42795136","-51.42795136, -22.1193264",455863,7553903
EM Vovó Silvéria,50,7,5,41,17,0,125,141,2012,"-22,08917001","-51,41278468","-51.41278468, -22.08917001",457418,7557245
Creche Anita Ferreira B. de Oliveira,100,1,1,4,2,0,112,0,2013,"-22,12931948","-51,39093791","-51.3909379079446, -22.1293194767267",459683,7552807
Creche C. S. Vicente Palotti – Lar dos Meninos,124,0,0,88,13,0,234,0,2013,"-22,09893604","-51,42313062","-51.42313061703766, -22.098936040183247",456354,7556161
Creche Clotilde Veiga de Barros,174,5,7,25,26,1,238,156,2013,"-22,10980342","-51,39429739","-51.3942973891786, -22.1098034221683",459331,7554966
Creche Meimei,86,0,0,11,6,0,117,0,2013,"-22,12970947","-51,41285799","-51.4128579891779, -22.129709471891232",457423,7552758
Creche UNESP,30,0,1,0,1,0,33,0,2013,"-22,11886076","-51,4092135","-51.409213504521, -22.1188607558322",457795,7553959
Creche Walter Figueiredo,92,1,4,4,5,0,106,0,2013,"-22,10895326","-51,38626791","-51.3862679124659, -22.1089532609603",460159,7555062
EE Anna Antônio,238,85,20,26,26,0,395,783,2013,"-22,0910867","-51,38581814","-51.3858181413021, -22.0910867030776",460200,7557040
EE Antônio Fioravante de Menezes,76,40,1,83,46,9,255,493,2013,"-22,12970947","-51,3827848","-51.3827848045204, -22.1297094718912",460524,7552766
EE Arlindo Fantini,38,17,62,151,73,9,350,649,2013,"-22,10912648","-51,41076015","-51.41076014685, -22.1091264813455",457633,7555037
EE Celestina M. Teixeira,66,8,8,12,13,3,110,234,2013,"-21,95928647","-51,30795348","-51.30795347820825, -21.95928646996887",468203,7571647
EE Clotilde Veiga de Barros,301,247,14,33,244,2,841,1089,2013,"-22,14705769","-51,38574058","-51.3857405756843, -22.1470576858688",460224,7550845
EE Fátima Ap. Costa Falcon,130,48,2,100,20,2,302,526,2013,"-22,11761457","-51,43414793","-51.43414793335647, -22.11761457194364",455223,7554090
EE Fernando Costa,269,174,78,45,82,11,659,1317,2013,"-22,12019229","-51,3873924","-51.3873923952734, -22.1201922926299",460046,7553818
EE Florivaldo Leal,104,47,7,70,49,13,290,982,2013,"-22,12919703","-51,39326659","-51.3932665939704, -22.1291970251408",459443,7552820
EE Francisco Pessoa,316,85,32,19,42,19,513,973,2013,"-22,15301289","-51,45192393","-51.4519239278068, -22.1530128905198",453401,7550167
EE Hugo Miele,196,65,2,62,32,10,367,721,2013,"-22,11208739","-51,39147965","-51.39147965164236, -22.11208738847396",459622,7554714
EE João Alfredo da Silva (Eneida),42,15,10,1,1,0,69,90,2013,"-21,91387708","-51,30195046","-51.30195046100961, -21.91387708270785",468813,7576674
EE Joel Antônio de Lima Genésio,182,44,9,81,22,9,347,302,2013,"-22,11444383","-51,42615186","-51.42615185849335, -22.11444383299049",456047,7554444
EE José Foz,106,39,3,97,45,0,290,489,2013,"-22,12208117","-51,37673732","-51.37673732041002, -22.12208117264124",461146,7553612
EE Maria Luiza Bastos,210,25,0,16,14,6,271,485,2013,"-22,13214161","-51,40524606","-51.40524605903943, -22.13214160526277",458208,7552491
EE Maria Luiza Formozinho Ribeiro,92,55,38,191,59,10,445,826,2013,"-22,12205514","-51,39966794","-51.39966793575265, -22.12205514355007",458781,7553609
EE Marieta Ferraz de Assunção,115,62,7,70,44,21,319,521,2013,"-22,13826568","-51,38899915","-51.38899915479362, -22.13826568169748",459886,7551817
EE Marrey Junior,45,88,41,88,178,45,485,419,2013,"-22,10681416","-51,39622964","-51.39622963760267, -22.10681415866147",459131,7555296
EE Miguel Omar Bareto,240,71,12,9,29,1,362,618,2013,"-22,13297741","-51,437803","-51.43780300136813, -22.13297740614673",454851,7552389
EE Mirella P. Desidere,303,63,32,42,57,1,498,1179,2013,"-22,1103463","-51,4287836","-51.42878359712329, -22.11034630426748",455774,7554896
EE Monsenhor Sarrion,236,81,46,58,46,2,469,1412,2013,"-22,13369718","-51,39093009","-51.39093008972468, -22.13369717779597",459685,7552322
EE Pedro Tofano –Montalvão,52,43,12,46,32,8,193,332,2013,"-22,0511197","-51,34701711","-51.34701710876899, -22.0511197037584",464193,7561474
EE Placídio Braga Nogueira,100,98,38,50,56,20,362,522,2013,"-22,13864919","-51,37491486","-51.37491485903934, -22.13864918512999",461338,7551778
EE Tannel Abud,50,60,31,166,72,25,404,816,2013,"-22,11460143","-51,37609601","-51.37609600506788, -22.11460142859055",461210,7554440
EM Alayde T. F. Motta,99,80,31,51,48,28,337,411,2013,"-22,14473417","-51,38256092","-51.38256091616356, -22.14473416973062",460551,7551103
EM Alberto Bernardes Sotelo,67,4,3,16,35,3,128,166,2013,"-22,13978827","-51,35372317","-51.35372316886564, -22.13978827470154",463524,7551657
EM Antonio Moreira Lima,268,45,8,15,77,1,414,425,2013,"-22,16016961","-51,45548561","-51.45548561137047, -22.16016960807991",453037,7549373
EM Aparecida Alves,173,4,1,3,13,2,196,219,2013,"-22,14361969","-51,39497096","-51.39497095849231, -22.14361969237946",459271,7551223
EM Aziz Felipe,107,6,43,12,16,13,197,377,2013,"-22,13422737","-51,3772764","-51.3772763958197, -22.13422737453585",461093,7552267
EM Carlo Ceriani,117,14,35,58,41,3,268,313,2013,"-22,09104298","-51,40282719","-51.40282718863248, -22.09104297945366",458446,7557040
EM Carlos A. A. Campos (Eneida),49,5,13,0,10,1,78,53,2013,"-21,91682868","-51,3019639","-51.30196390452799, -21.91682867862754",468812,7576348
EM Carlos Braga (Ameliópolis),18,2,7,0,6,0,33,41,2013,"-21,80226704","-51,29735029","-51.29735028788697, -21.80226703609472",469264,7589029
EM Carlos Castilho Cabral,120,36,13,0,100,11,280,276,2013,"-22,09901054","-51,39297155","-51.39297155109593, -22.09901054208509",459465,7556161
EM Carmem Pereira Delfim,114,41,21,12,108,22,318,341,2013,"-22,13491679","-51,38146344","-51.38146344184742, -22.13491678924642",460662,7552190
EM Catarina Martins Artero,61,18,26,61,10,15,191,177,2013,"-22,1101911","-51,38068432","-51.38068432225982, -22.11019110237303",460735,7554927
EM Ditão,214,22,0,58,131,0,425,428,2013,"-22,10844038","-51,43157964","-51.43157963945204, -22.10844038037896",455485,7555107
EM Domingos F. de Medeiros,177,51,14,14,39,8,303,271,2013,"-22,1050689","-51,3892446","-51.38924460397457, -22.10506889832062",459851,7555491
EM Ederle Marangoni Dias,156,0,2,4,6,0,169,384,2013,"-22,10983998","-51,41971103","-51.41971103335685, -22.10983998169054",456710,7554955
EM Edna Carnelós Barbosa,5,70,1,0,7,0,83,135,2013,"-22,13865497","-51,38462796","-51.3846279645877, -22.13865497431422",460336,7551775
EM Edson Lopes,72,0,0,43,6,0,130,141,2013,"-22,14321923","-51,3936022","-51.39360220147683, -22.143219229454",459412,7551268
EM Eluísa R. Rodrigues,166,27,13,10,56,0,272,277,2013,"-22,11928173","-51,3870863","-51.38708629701948, -22.11928173266724",460077,7553919
EM Emilio Becker,86,55,39,42,31,4,257,273,2013,"-22,12770858","-51,377025","-51.37702499766941, -22.12770857779658",461117,7552989
EM Ettore Marangoni,120,14,1,33,56,14,238,281,2013,"-22,05108147","-51,34593889","-51.34593888602856, -22.05108146789168",464304,7561478
EM Francisca A. Góes Brandão,102,25,8,71,43,2,251,263,2013,"-22,13354296","-51,39984915","-51.39984915164156, -22.13354295954356",458765,7552337
EM Giseli Dalefi,324,64,59,3,101,14,565,689,2013,"-22,12946427","-51,44598922","-51.44598922040981, -22.12946427152818",454006,7552775
EM Ivo Garrido,64,17,5,43,52,18,199,232,2013,"-22,10222191","-51,43296095","-51.43296095109594, -22.10222191202309",455341,7555794
EM João Bohac,139,8,6,13,51,2,219,258,2013,"-22,14261288","-51,38408509","-51.38408509342323, -22.14261287878046",460393,7551337
EM João Franco de Godoy,132,71,24,29,80,14,350,460,2013,"-22,11324649","-51,39544043","-51.39544042835509, -22.1132464852897",459214,7554585
EM João Sebastião Lisboa,92,24,16,60,48,14,254,251,2013,"-22,12213719","-51,39951685","-51.39951685164191, -22.12213719468566",458796,7553599
EM José Carlos João,199,4,0,89,93,0,385,413,2013,"-22,14243888","-51,39100198","-51.39100198417588, -22.14243887858406",459680,7551355
EM José Soares Marcondes,385,94,31,21,110,1,642,667,2013,"-22,11933127","-51,38298954","-51.38298954369755, -22.11933127012247",460500,7553914
EM Jovita Terin,148,10,20,11,20,0,209,267,2013,"-22,08693107","-51,38393579","-51.38393578993529, -22.08693107237039",460393,7557501
EM Juracy Menezes Peralta,47,23,82,96,82,24,354,395,2013,"-22,08627167","-51,39632847","-51.39632847068484, -22.0862716737455",459115,7557570
EM Karina Krasucki,396,6,17,45,44,3,514,566,2013,"-22,15950528","-51,45422221","-51.4542222130108, -22.1595052797793",453167,7549447
EM Krisan Martin,121,3,0,20,11,1,156,299,2013,"-22,12864525","-51,44684507","-51.44684507, -22.12864525",453917,7552866
EM Ludovica L. Rodrigues Pioneira,62,26,112,24,32,1,257,342,2013,"-22,13853535","-51,37437471","-51.37437471, -22.13853535",461394,7551791
EM Maria do Socorro B. Almeida,178,34,3,122,87,7,431,475,2013,"-22,11417447","-51,43143416","-51.43143416, -22.11417447",455502,7554472
EM Maria Edite T. Perrone,26,1,35,13,0,12,87,80,2013,"-22,15396427","-51,38158887","-51.38158887, -22.15396427",460654,7550081
EM Maria Haddad Haidamus,104,0,5,30,21,8,170,177,2013,"-22,11815423","-51,37419753","-51.37419753, -22.11815423",461406,7554047
EM Maria Isabel B. Negrão,20,1,11,70,29,5,136,159,2013,"-22,15900351","-51,45243652","-51.45243652, -22.15900351",453351,7549503
EM Nair Lebrão,89,0,0,58,15,0,170,168,2013,"-22,11241179","-51,4316003","-51.4316003, -22.11241179",455484,7554667
EM Nazarena Zamit,129,3,24,20,27,17,220,290,2013,"-22,13891023","-51,37550388","-51.37550388, -22.13891023",461277,7551749
EM Ocyr Azevedo,23,9,21,94,94,14,255,327,2013,"-22,10965964","-51,41226432","-51.41226432, -22.10965964",457478,7554977
EM Odette Duarte da Costa,195,30,49,32,15,9,330,400,2013,"-22,0768845","-51,36046337","-51.36046337, -22.0768845",462812,7558619
EM Pedro Furquim,147,41,113,109,39,2,451,475,2013,"-22,12320378","-51,37495963","-51.37495963, -22.12320378",461329,7553488
EM Rosana Negrão,155,22,11,44,25,7,264,291,2013,"-22,08331327","-51,43151345","-51.43151345, -22.08331327",455484,7557888
EM Rosy Odethy R. Brandão,146,24,11,53,33,11,278,293,2013,"-22,09506859","-51,40325912","-51.40325912, -22.09506859",458402,7556595
EM Rot. Antônio Zacarias - Rotariano,92,44,31,1,85,34,287,291,2013,"-22,12341692","-51,42356793","-51.423567928459306, -22.123416918139267",456316,7553451
EM Rui Carlos V. Berbet,145,51,51,13,58,26,344,417,2013,"-22,08600556","-51,38078723","-51.38078723, -22.08600556",460718,7557604
EM Valter Marques,40,2,3,8,12,1,66,235,2013,"-22,10436741","-51,38852207","-51.38852207264139, -22.10436741481833",459925,7555569
EM Vilma Álvares Gonçalves,174,31,83,14,33,29,364,441,2013,"-22,1485129","-51,37363456","-51.37363456, -22.1485129",461473,7550687
EM Vilma G. Martinez (Cedral),150,4,7,28,26,10,225,261,2013,"-22,1193264","-51,42795136","-51.42795136, -22.1193264",455863,7553903
EM Vovó Silvéria,101,2,9,16,22,2,157,162,2013,"-22,08917001","-51,41278468","-51.41278468, -22.08917001",457418,7557245
Creche Anita Ferreira B. de Oliveira,109,1,0,0,3,0,121,127,2014,"-22,12931948","-51,39093791","-51.3909379079446, -22.1293194767267",459683,7552807
Creche C. S. Vicente Palotti – Lar dos Meninos,180,0,1,15,8,0,211,237,2014,"-22,09893604","-51,42313062","-51.42313061703766, -22.098936040183247",456354,7556161
Creche Clotilde Veiga de Barros,171,4,0,14,16,0,205,199,2014,"-22,10980342","-51,39429739","-51.3942973891786, -22.1098034221683",459331,7554966
Creche Meimei,100,1,0,0,6,0,110,134,2014,"-22,12970947","-51,41285799","-51.4128579891779, -22.129709471891232",457423,7552758
Creche UNESP,29,0,0,1,2,0,32,50,2014,"-22,11886076","-51,4092135","-51.409213504521, -22.1188607558322",457795,7553959
Creche Walter Figueiredo,114,0,0,15,4,0,133,125,2014,"-22,10895326","-51,38626791","-51.3862679124659, -22.1089532609603",460159,7555062
EE Anna Antônio,98,45,46,139,57,8,393,457,2014,"-22,0910867","-51,38581814","-51.3858181413021, -22.0910867030776",460200,7557040
EE Antônio Fioravante de Menezes,79,58,8,52,76,13,286,412,2014,"-22,12970947","-51,3827848","-51.3827848045204, -22.1297094718912",460524,7552766
EE Arlindo Fantini,63,54,58,129,115,8,427,568,2014,"-22,10912648","-51,41076015","-51.41076014685, -22.1091264813455",457633,7555037
EE Celestina M. Teixeira,90,45,14,28,18,6,201,227,2014,"-21,95928647","-51,30795348","-51.30795347820825, -21.95928646996887",468203,7571647
EE Clotilde Veiga de Barros,365,280,77,53,185,0,960,922,2014,"-22,14705769","-51,38574058","-51.3857405756843, -22.1470576858688",460224,7550845
EE Fátima Ap. Costa Falcon,277,74,12,52,28,0,443,492,2014,"-22,11761457","-51,43414793","-51.43414793335647, -22.11761457194364",455223,7554090
EE Fernando Costa,532,171,39,16,380,29,1167,1160,2014,"-22,12019229","-51,3873924","-51.3873923952734, -22.1201922926299",460046,7553818
EE Florivaldo Leal,184,125,4,71,45,20,449,568,2014,"-22,12919703","-51,39326659","-51.3932665939704, -22.1291970251408",459443,7552820
EE Francisco Pessoa,416,105,35,126,95,15,792,871,2014,"-22,15301289","-51,45192393","-51.4519239278068, -22.1530128905198",453401,7550167
EE Hugo Miele,277,176,60,113,72,9,707,720,2014,"-22,11208739","-51,39147965","-51.39147965164236, -22.11208738847396",459622,7554714
EE João Alfredo da Silva (Eneida),31,7,0,45,10,0,93,99,2014,"-21,91387708","-51,30195046","-51.30195046100961, -21.91387708270785",468813,7576674
EE Joel Antônio de Lima Genésio,169,41,6,69,21,1,307,317,2014,"-22,11444383","-51,42615186","-51.42615185849335, -22.11444383299049",456047,7554444
EE José Foz,215,105,2,88,53,20,483,594,2014,"-22,12208117","-51,37673732","-51.37673732041002, -22.12208117264124",461146,7553612
EE Maria Luiza Bastos,260,66,0,64,17,2,409,536,2014,"-22,13214161","-51,40524606","-51.40524605903943, -22.13214160526277",458208,7552491
EE Maria Luiza Formozinho Ribeiro,260,168,89,202,67,14,800,840,2014,"-22,12205514","-51,39966794","-51.39966793575265, -22.12205514355007",458781,7553609
EE Marieta Ferraz de Assunção,214,129,25,44,46,7,465,530,2014,"-22,13826568","-51,38899915","-51.38899915479362, -22.13826568169748",459886,7551817
EE Marrey Junior,10,25,104,10,103,21,273,260,2014,"-22,10681416","-51,39622964","-51.39622963760267, -22.10681415866147",459131,7555296
EE Miguel Omar Bareto,350,90,14,15,39,0,508,602,2014,"-22,13297741","-51,437803","-51.43780300136813, -22.13297740614673",454851,7552389
EE Mirella P. Desidere,333,87,51,276,85,16,848,909,2014,"-22,1103463","-51,4287836","-51.42878359712329, -22.11034630426748",455774,7554896
EE Monsenhor Sarrion,445,145,96,147,133,6,972,1137,2014,"-22,13369718","-51,39093009","-51.39093008972468, -22.13369717779597",459685,7552322
EE Pedro Tofano –Montalvão,119,64,12,33,93,7,328,234,2014,"-22,0511197","-51,34701711","-51.34701710876899, -22.0511197037584",464193,7561474
EE Placídio Braga Nogueira,114,55,49,4,8,26,256,259,2014,"-22,13864919","-51,37491486","-51.37491485903934, -22.13864918512999",461338,7551778
EE Tannel Abud,139,161,76,109,85,32,602,718,2014,"-22,11460143","-51,37609601","-51.37609600506788, -22.11460142859055",461210,7554440
EE Teófilo G. Santa Cruz (H.Salv),55,52,41,60,34,22,264,424,2014,"-22,0839433","-51,39647036","-51.3964703627401, -22.08394330419608",459099,7557828
EM Alayde T. F. Motta,120,94,48,59,29,17,367,357,2014,"-22,14473417","-51,38256092","-51.38256091616356, -22.14473416973062",460551,7551103
EM Alberto Bernardes Sotelo,75,15,14,12,26,2,144,159,2014,"-22,13978827","-51,35372317","-51.35372316886564, -22.13978827470154",463524,7551657
EM Antonio Moreira Lima,235,32,7,15,90,0,379,453,2014,"-22,16016961","-51,45548561","-51.45548561137047, -22.16016960807991",453037,7549373
EM Aparecida Alves,145,11,3,1,27,0,187,222,2014,"-22,14361969","-51,39497096","-51.39497095849231, -22.14361969237946",459271,7551223
EM Aziz Felipe,105,10,20,53,19,2,209,346,2014,"-22,13422737","-51,3772764","-51.3772763958197, -22.13422737453585",461093,7552267
EM Carlo Ceriani,202,17,48,0,5,2,274,320,2014,"-22,09104298","-51,40282719","-51.40282718863248, -22.09104297945366",458446,7557040
EM Carlos A. A. Campos (Eneida),38,5,0,22,14,0,79,47,2014,"-21,91682868","-51,3019639","-51.30196390452799, -21.91682867862754",468812,7576348
EM Carlos Braga (Ameliópolis),31,3,3,10,6,0,53,35,2014,"-21,80226704","-51,29735029","-51.29735028788697, -21.80226703609472",469264,7589029
EM Carlos Castilho Cabral,98,41,20,46,52,6,263,263,2014,"-22,09901054","-51,39297155","-51.39297155109593, -22.09901054208509",459465,7556161
EM Carmem Pereira Delfim,113,54,12,4,88,15,286,295,2014,"-22,13491679","-51,38146344","-51.38146344184742, -22.13491678924642",460662,7552190
EM Catarina Martins Artero,50,28,8,50,52,6,194,164,2014,"-22,1101911","-51,38068432","-51.38068432225982, -22.11019110237303",460735,7554927
EM Dirce Mascarenhas,94,0,0,14,13,0,121,123,2014,"-22,09996723","-51,43427062","-51.43427062226029, -22.09996722788279",455205,7556044
EM Ditão,130,7,0,152,126,0,415,421,2014,"-22,10844038","-51,43157964","-51.43157963945204, -22.10844038037896",455485,7555107
EM Domingos F. de Medeiros,94,74,27,5,21,3,224,222,2014,"-22,1050689","-51,3892446","-51.38924460397457, -22.10506889832062",459851,7555491
EM Ederle Marangoni Dias,297,4,0,14,27,0,343,367,2014,"-22,10983998","-51,41971103","-51.41971103335685, -22.10983998169054",456710,7554955
EM Edna Carnelós Barbosa,97,0,1,18,5,0,128,121,2014,"-22,13865497","-51,38462796","-51.3846279645877, -22.13865497431422",460336,7551775
EM Edson Lopes,75,0,0,37,10,0,127,133,2014,"-22,14321923","-51,3936022","-51.39360220147683, -22.143219229454",459412,7551268
EM Eluísa R. Rodrigues,151,25,4,5,48,4,237,251,2014,"-22,11928173","-51,3870863","-51.38708629701948, -22.11928173266724",460077,7553919
EM Emilio Becker,115,53,26,26,23,1,244,246,2014,"-22,12770858","-51,377025","-51.37702499766941, -22.12770857779658",461117,7552989
EM Ettore Marangoni,65,0,0,0,6,0,71,272,2014,"-22,05108147","-51,34593889","-51.34593888602856, -22.05108146789168",464304,7561478
EM Eunice Menezes Educadora,88,0,3,4,13,1,109,112,2014,"-22,15015315","-51,37874701","-51.37874701301126, -22.15015314648558",460946,7550504
EM Francisca A. Góes Brandão,86,35,15,62,49,3,250,246,2014,"-22,13354296","-51,39984915","-51.39984915164156, -22.13354295954356",458765,7552337
EM Giseli Dalefi,312,98,42,10,136,14,612,670,2014,"-22,12946427","-51,44598922","-51.44598922040981, -22.12946427152818",454006,7552775
EM Ivo Garrido,70,19,2,45,33,14,183,205,2014,"-22,10222191","-51,43296095","-51.43296095109594, -22.10222191202309",455341,7555794
EM João Bohac,161,2,2,3,43,1,212,239,2014,"-22,14261288","-51,38408509","-51.38408509342323, -22.14261287878046",460393,7551337
EM João Franco de Godoy,124,100,34,36,47,9,350,349,2014,"-22,11324649","-51,39544043","-51.39544042835509, -22.1132464852897",459214,7554585
EM João Sebastião Lisboa,75,40,13,76,45,4,253,255,2014,"-22,12213719","-51,39951685","-51.39951685164191, -22.12213719468566",458796,7553599
EM José Carlos João,158,4,0,103,83,13,361,451,2014,"-22,14243888","-51,39100198","-51.39100198417588, -22.14243887858406",459680,7551355
EM José Soares Marcondes,320,107,36,84,149,0,696,699,2014,"-22,11933127","-51,38298954","-51.38298954369755, -22.11933127012247",460500,7553914
EM Jovita Terin,175,8,14,11,37,4,249,257,2014,"-22,08693107","-51,38393579","-51.38393578993529, -22.08693107237039",460393,7557501
EM Juracy Menezes Peralta,65,20,48,70,69,24,296,348,2014,"-22,08627167","-51,39632847","-51.39632847068484, -22.0862716737455",459115,7557570
EM Karina Krasucki,419,4,3,7,34,4,471,501,2014,"-22,15950528","-51,45422221","-51.4542222130108, -22.1595052797793",453167,7549447
EM Krisan Martin,133,2,2,10,13,1,161,166,2014,"-22,12864525","-51,44684507","-51.44684507, -22.12864525",453917,7552866
EM Ludovica L. Rodrigues Pioneira,149,37,51,42,18,2,299,367,2014,"-22,13853535","-51,37437471","-51.37437471, -22.13853535",461394,7551791
EM Maria do Socorro B. Almeida,263,17,10,87,58,4,439,440,2014,"-22,11417447","-51,43143416","-51.43143416, -22.11417447",455502,7554472
EM Maria Edite T. Perrone,21,2,3,12,5,0,48,60,2014,"-22,15396427","-51,38158887","-51.38158887, -22.15396427",460654,7550081
EM Maria Haddad Haidamus,97,4,1,44,25,0,175,188,2014,"-22,11815423","-51,37419753","-51.37419753, -22.11815423",461406,7554047
EM Maria Isabel B. Negrão,134,10,22,43,55,20,284,310,2014,"-22,15900351","-51,45243652","-51.45243652, -22.15900351",453351,7549503
EM Nair Lebrão,112,0,0,6,11,0,132,155,2014,"-22,11241179","-51,4316003","-51.4316003, -22.11241179",455484,7554667
EM Nazarena Zamit,135,10,26,26,16,1,214,282,2014,"-22,13891023","-51,37550388","-51.37550388, -22.13891023",461277,7551749
EM Ocyr Azevedo,75,15,30,51,114,12,297,302,2014,"-22,10965964","-51,41226432","-51.41226432, -22.10965964",457478,7554977
EM Odette Duarte da Costa,211,35,13,9,47,11,326,416,2014,"-22,0768845","-51,36046337","-51.36046337, -22.0768845",462812,7558619
EM Pedro Furquim,133,81,66,105,34,0,419,419,2014,"-22,12320378","-51,37495963","-51.37495963, -22.12320378",461329,7553488
EM Rosana Negrão,213,18,6,40,43,0,320,301,2014,"-22,08331327","-51,43151345","-51.43151345, -22.08331327",455484,7557888
EM Rosy Odethy R. Brandão,162,24,4,60,39,5,294,291,2014,"-22,09506859","-51,40325912","-51.40325912, -22.09506859",458402,7556595
EM Rot. Antônio Zacarias - Rotariano,80,65,54,49,30,1,279,277,2014,"-22,12341692","-51,42356793","-51.423567928459306, -22.123416918139267",456316,7553451
EM Rui Carlos V. Berbet,178,55,44,45,86,26,434,428,2014,"-22,08600556","-51,38078723","-51.38078723, -22.08600556",460718,7557604
EM Valter Marques,208,3,0,48,23,0,282,295,2014,"-22,10436741","-51,38852207","-51.38852207264139, -22.10436741481833",459925,7555569
EM Vilma Álvares Gonçalves,116,97,79,11,10,21,334,332,2014,"-22,1485129","-51,37363456","-51.37363456, -22.1485129",461473,7550687
EM Vilma G. Martinez (Cedral),135,5,1,48,27,4,220,238,2014,"-22,1193264","-51,42795136","-51.42795136, -22.1193264",455863,7553903
EM Vovó Silvéria,127,5,9,8,16,0,166,165,2014,"-22,08917001","-51,41278468","-51.41278468, -22.08917001",457418,7557245
Creche Anita Ferreira B. de Oliveira,114,2,0,0,5,0,123,133,2015,"-22,12931948","-51,39093791","-51.3909379079446, -22.1293194767267",459683,7552807
Creche C. S. Vicente Palotti – Lar dos Meninos,122,0,0,62,21,0,208,221,2015,"-22,09893604","-51,42313062","-51.42313061703766, -22.098936040183247",456354,7556161
Creche Clotilde Veiga de Barros,157,2,3,39,20,1,230,202,2015,"-22,10980342","-51,39429739","-51.3942973891786, -22.1098034221683",459331,7554966
Creche Meimei,97,0,0,0,0,0,99,127,2015,"-22,12970947","-51,41285799","-51.4128579891779, -22.129709471891232",457423,7552758
Creche UNESP,29,2,0,7,0,0,40,50,2015,"-22,11886076","-51,4092135","-51.409213504521, -22.1188607558322",457795,7553959
Creche Walter Figueiredo,97,1,1,18,6,0,135,137,2015,"-22,10895326","-51,38626791","-51.3862679124659, -22.1089532609603",460159,7555062
EE Anna Antônio,169,48,55,0,18,3,293,464,2015,"-22,0910867","-51,38581814","-51.3858181413021, -22.0910867030776",460200,7557040
EE Antônio Fioravante de Menezes,67,76,12,64,78,9,306,381,2015,"-22,12970947","-51,3827848","-51.3827848045204, -22.1297094718912",460524,7552766
EE Arlindo Fantini,41,44,26,236,123,2,472,517,2015,"-22,10912648","-51,41076015","-51.41076014685, -22.1091264813455",457633,7555037
EE Celestina M. Teixeira,40,11,7,106,28,5,197,227,2015,"-21,95928647","-51,30795348","-51.30795347820825, -21.95928646996887",468203,7571647
EE Clotilde Veiga de Barros,363,217,64,9,163,5,821,823,2015,"-22,14705769","-51,38574058","-51.3857405756843, -22.1470576858688",460224,7550845
EE Fátima Ap. Costa Falcon,120,87,12,44,46,1,310,430,2015,"-22,11761457","-51,43414793","-51.43414793335647, -22.11761457194364",455223,7554090
EE Fernando Costa,466,248,128,39,116,28,1025,1129,2015,"-22,12019229","-51,3873924","-51.3873923952734, -22.1201922926299",460046,7553818
EE Florivaldo Leal,167,168,40,115,49,16,555,618,2015,"-22,12919703","-51,39326659","-51.3932665939704, -22.1291970251408",459443,7552820
EE Francisco Pessoa,268,133,39,87,44,22,593,639,2015,"-22,15301289","-51,45192393","-51.4519239278068, -22.1530128905198",453401,7550167
EE Hugo Miele,293,115,23,142,88,6,667,677,2015,"-22,11208739","-51,39147965","-51.39147965164236, -22.11208738847396",459622,7554714
EE João Alfredo da Silva (Eneida),16,4,1,50,5,0,76,131,2015,"-21,91387708","-51,30195046","-51.30195046100961, -21.91387708270785",468813,7576674
EE Joel Antônio de Lima Genésio,129,43,12,101,29,3,317,312,2015,"-22,11444383","-51,42615186","-51.42615185849335, -22.11444383299049",456047,7554444
EE José Foz,351,54,4,27,51,5,492,523,2015,"-22,12208117","-51,37673732","-51.37673732041002, -22.12208117264124",461146,7553612
EE Maria Luiza Bastos,203,30,0,14,12,1,260,278,2015,"-22,13214161","-51,40524606","-51.40524605903943, -22.13214160526277",458208,7552491
EE Maria Luiza Formozinho Ribeiro,245,134,97,188,46,12,722,768,2015,"-22,12205514","-51,39966794","-51.39966793575265, -22.12205514355007",458781,7553609
EE Marieta Ferraz de Assunção,159,112,18,43,88,3,423,471,2015,"-22,13826568","-51,38899915","-51.38899915479362, -22.13826568169748",459886,7551817
EE Marrey Junior,9,31,78,21,107,6,252,247,2015,"-22,10681416","-51,39622964","-51.39622963760267, -22.10681415866147",459131,7555296
EE Miguel Omar Bareto,346,77,11,26,33,0,493,572,2015,"-22,13297741","-51,437803","-51.43780300136813, -22.13297740614673",454851,7552389
EE Mirella P. Desidere,299,192,54,215,77,17,854,898,2015,"-22,1103463","-51,4287836","-51.42878359712329, -22.11034630426748",455774,7554896
EE Monsenhor Sarrion,578,192,30,143,99,7,1049,1073,2015,"-22,13369718","-51,39093009","-51.39093008972468, -22.13369717779597",459685,7552322
EE Pedro Tofano –Montalvão,59,35,10,28,39,4,175,352,2015,"-22,0511197","-51,34701711","-51.34701710876899, -22.0511197037584",464193,7561474
EE Placídio Braga Nogueira,118,35,57,42,11,18,286,249,2015,"-22,13864919","-51,37491486","-51.37491485903934, -22.13864918512999",461338,7551778
EE Tannel Abud,149,120,64,95,45,36,509,633,2015,"-22,11460143","-51,37609601","-51.37609600506788, -22.11460142859055",461210,7554440
EE Teófilo G. Santa Cruz (H.Salv),62,36,25,86,41,0,250,401,2015,"-22,0839433","-51,39647036","-51.3964703627401, -22.08394330419608",459099,7557828
EM Alayde T. F. Motta,126,62,22,49,81,7,347,358,2015,"-22,14473417","-51,38256092","-51.38256091616356, -22.14473416973062",460551,7551103
EM Alberto Bernardes Sotelo,35,0,4,59,40,3,141,158,2015,"-22,13978827","-51,35372317","-51.35372316886564, -22.13978827470154",463524,7551657
EM Antonio Moreira Lima,271,30,6,23,76,0,406,432,2015,"-22,16016961","-51,45548561","-51.45548561137047, -22.16016960807991",453037,7549373
EM Aparecida Alves,174,8,4,8,31,0,223,213,2015,"-22,14361969","-51,39497096","-51.39497095849231, -22.14361969237946",459271,7551223
EM Aziz Felipe,177,5,36,12,38,1,275,316,2015,"-22,13422737","-51,3772764","-51.3772763958197, -22.13422737453585",461093,7552267
EM Benedita de Pádua Martins (Vó Dita),46,0,0,27,9,3,94,120,2015,"-22,09211286","-51,41869032","-51.41869032226062, -22.09211286296959",456810,7556918
EM Carla Simone da Silva Alves,72,0,6,5,2,1,87,85,2015,"-22,15147718","-51,45831302","-51.45831302410803, -22.15147718426324",452742,7550335
EM Carlo Ceriani,200,15,51,8,12,1,300,350,2015,"-22,09104298","-51,40282719","-51.40282718863248, -22.09104297945366",458446,7557040
EM Carlos A. A. Campos (Eneida),38,4,3,34,7,0,87,42,2015,"-21,91682868","-51,3019639","-51.30196390452799, -21.91682867862754",468812,7576348
EM Carlos Braga (Ameliópolis),19,3,1,22,8,1,57,59,2015,"-21,80226704","-51,29735029","-51.29735028788697, -21.80226703609472",469264,7589029
EM Carlos Castilho Cabral,146,74,24,0,72,0,316,319,2015,"-22,09901054","-51,39297155","-51.39297155109593, -22.09901054208509",459465,7556161
EM Carmem Pereira Delfim,101,47,27,5,94,19,293,284,2015,"-22,13491679","-51,38146344","-51.38146344184742, -22.13491678924642",460662,7552190
EM Catarina Martins Artero,57,43,16,54,25,0,195,193,2015,"-22,1101911","-51,38068432","-51.38068432225982, -22.11019110237303",460735,7554927
EM Dirce Mascarenhas,140,1,0,0,8,1,150,141,2015,"-22,09996723","-51,43427062","-51.43427062226029, -22.09996722788279",455205,7556044
EM Ditão,141,8,0,146,103,0,398,400,2015,"-22,10844038","-51,43157964","-51.43157963945204, -22.10844038037896",455485,7555107
EM Domingos F. de Medeiros,94,89,19,0,66,0,268,274,2015,"-22,1050689","-51,3892446","-51.38924460397457, -22.10506889832062",459851,7555491
EM Ederle Marangoni Dias,207,1,0,31,25,0,271,349,2015,"-22,10983998","-51,41971103","-51.41971103335685, -22.10983998169054",456710,7554955
EM Edna Carnelós Barbosa,55,1,0,66,19,0,148,172,2015,"-22,13865497","-51,38462796","-51.3846279645877, -22.13865497431422",460336,7551775
EM Edson Lopes,69,0,1,29,13,0,120,140,2015,"-22,14321923","-51,3936022","-51.39360220147683, -22.143219229454",459412,7551268
EM Eluísa R. Rodrigues,163,10,22,6,42,7,250,237,2015,"-22,11928173","-51,3870863","-51.38708629701948, -22.11928173266724",460077,7553919
EM Emilio Becker,128,55,25,18,29,7,262,259,2015,"-22,12770858","-51,377025","-51.37702499766941, -22.12770857779658",461117,7552989
EM Erika Portella Rodrigues,63,0,1,14,4,1,87,89,2015,"-22,13345791","-51,36547984","-51.36547983814849, -22.13345791005808",462310,7552355
EM Ettore Marangoni,153,23,7,3,61,1,251,282,2015,"-22,05108147","-51,34593889","-51.34593888602856, -22.05108146789168",464304,7561478
EM Eunice Menezes Educadora,116,2,1,2,13,0,134,144,2015,"-22,15015315","-51,37874701","-51.37874701301126, -22.15015314648558",460946,7550504
EM Francisca A. Góes Brandão,92,11,45,59,54,5,266,274,2015,"-22,13354296","-51,39984915","-51.39984915164156, -22.13354295954356",458765,7552337
EM Giseli Dalefi,265,92,65,40,139,14,615,658,2015,"-22,12946427","-51,44598922","-51.44598922040981, -22.12946427152818",454006,7552775
EM Ivo Garrido,57,15,0,51,53,8,184,226,2015,"-22,10222191","-51,43296095","-51.43296095109594, -22.10222191202309",455341,7555794
EM João Bohac,142,16,5,4,32,1,200,216,2015,"-22,14261288","-51,38408509","-51.38408509342323, -22.14261287878046",460393,7551337
EM João Franco de Godoy,169,75,27,23,83,15,392,411,2015,"-22,11324649","-51,39544043","-51.39544042835509, -22.1132464852897",459214,7554585
EM João Sebastião Lisboa,148,47,47,39,13,1,295,294,2015,"-22,12213719","-51,39951685","-51.39951685164191, -22.12213719468566",458796,7553599
EM José Carlos João,232,46,0,48,56,3,385,443,2015,"-22,14243888","-51,39100198","-51.39100198417588, -22.14243887858406",459680,7551355
EM José Soares Marcondes,184,72,34,175,169,22,656,677,2015,"-22,11933127","-51,38298954","-51.38298954369755, -22.11933127012247",460500,7553914
EM Jovita Terin,316,9,18,1,12,2,358,328,2015,"-22,08693107","-51,38393579","-51.38393578993529, -22.08693107237039",460393,7557501
EM Juracy Menezes Peralta,71,20,59,103,90,20,363,400,2015,"-22,08627167","-51,39632847","-51.39632847068484, -22.0862716737455",459115,7557570
EM Karina Krasucki,481,4,5,22,21,1,534,479,2015,"-22,15950528","-51,45422221","-51.4542222130108, -22.1595052797793",453167,7549447
EM Krisan Martin,161,1,0,1,4,0,167,133,2015,"-22,12864525","-51,44684507","-51.44684507, -22.12864525",453917,7552866
EM Ludovica L. Rodrigues Pioneira,118,35,66,25,49,13,306,390,2015,"-22,13853535","-51,37437471","-51.37437471, -22.13853535",461394,7551791
EM Maria do Socorro B. Almeida,194,16,12,168,83,9,482,474,2015,"-22,11417447","-51,43143416","-51.43143416, -22.11417447",455502,7554472
EM Maria Edite T. Perrone,52,2,7,1,2,0,65,67,2015,"-22,15396427","-51,38158887","-51.38158887, -22.15396427",460654,7550081
EM Maria Haddad Haidamus,104,2,2,42,11,4,165,175,2015,"-22,11815423","-51,37419753","-51.37419753, -22.11815423",461406,7554047
EM Maria Isabel B. Negrão,157,18,17,93,95,22,402,409,2015,"-22,15900351","-51,45243652","-51.45243652, -22.15900351",453351,7549503
EM Maria Regina Dal Pogetto,71,0,0,0,3,0,81,132,2015,"-22,13362376","-51,42733621","-51.42733621, -22.13362376",455931,7552320
EM Nair Lebrão,116,0,0,6,3,0,128,163,2015,"-22,11241179","-51,4316003","-51.4316003, -22.11241179",455484,7554667
EM Nazarena Zamit,128,3,28,20,23,10,229,175,2015,"-22,13891023","-51,37550388","-51.37550388, -22.13891023",461277,7551749
EM Ocyr Azevedo,60,16,20,85,140,5,326,325,2015,"-22,10965964","-51,41226432","-51.41226432, -22.10965964",457478,7554977
EM Odette Duarte da Costa,178,63,30,7,64,19,364,425,2015,"-22,0768845","-51,36046337","-51.36046337, -22.0768845",462812,7558619
EM Pedro Furquim,128,88,72,114,57,0,459,467,2015,"-22,12320378","-51,37495963","-51.37495963, -22.12320378",461329,7553488
EM Rosana Negrão,112,14,8,114,47,2,297,299,2015,"-22,08331327","-51,43151345","-51.43151345, -22.08331327",455484,7557888
EM Rosy Odethy R. Brandão,140,24,4,90,47,11,316,310,2015,"-22,09506859","-51,40325912","-51.40325912, -22.09506859",458402,7556595
EM Rot. Antônio Zacarias - Rotariano,88,32,76,51,44,2,293,307,2015,"-22,12341692","-51,42356793","-51.423567928459306, -22.123416918139267",456316,7553451
EM Rui Carlos V. Berbet,285,66,39,50,68,28,536,516,2015,"-22,08600556","-51,38078723","-51.38078723, -22.08600556",460718,7557604
EM Valter Marques,185,6,11,24,40,3,276,268,2015,"-22,10436741","-51,38852207","-51.38852207264139, -22.10436741481833",459925,7555569
EM Vilma Álvares Gonçalves,120,199,61,8,7,9,404,319,2015,"-22,1485129","-51,37363456","-51.37363456, -22.1485129",461473,7550687
EM Vilma G. Martinez (Cedral),141,4,0,73,31,2,251,261,2015,"-22,1193264","-51,42795136","-51.42795136, -22.1193264",455863,7553903
EM Vovó Silvéria,160,6,0,2,23,0,191,179,2015,"-22,08917001","-51,41278468","-51.41278468, -22.08917001",457418,7557245
Creche Anita Ferreira B. de Oliveira,125,3,1,0,4,0,136,145,2016,"-22,12931948","-51,39093791","-51.3909379079446, -22.1293194767267",459683,7552807
Creche C. S. Vicente Palotti – Lar dos Meninos,134,1,0,2,23,5,186,233,2016,"-22,09893604","-51,42313062","-51.42313061703766, -22.098936040183247",456354,7556161
Creche Clotilde Veiga de Barros,181,1,1,5,9,11,222,214,2016,"-22,10980342","-51,39429739","-51.3942973891786, -22.1098034221683",459331,7554966
Creche Meimei,98,0,0,0,0,1,104,129,2016,"-22,12970947","-51,41285799","-51.4128579891779, -22.129709471891232",457423,7552758
Creche UNESP,24,0,0,0,0,0,27,50,2016,"-22,11886076","-51,4092135","-51.409213504521, -22.1188607558322",457795,7553959
Creche Walter Figueiredo,152,0,0,1,5,0,174,129,2016,"-22,10895326","-51,38626791","-51.3862679124659, -22.1089532609603",460159,7555062
EE Anna Antônio,150,143,143,34,49,53,572,553,2016,"-22,0910867","-51,38581814","-51.3858181413021, -22.0910867030776",460200,7557040
EE Antônio Fioravante de Menezes,96,71,3,53,68,20,311,389,2016,"-22,12970947","-51,3827848","-51.3827848045204, -22.1297094718912",460524,7552766
EE Arlindo Fantini,80,61,60,108,74,37,420,531,2016,"-22,10912648","-51,41076015","-51.41076014685, -22.1091264813455",457633,7555037
EE Celestina M. Teixeira,69,19,56,2,9,5,160,222,2016,"-21,95928647","-51,30795348","-51.30795347820825, -21.95928646996887",468203,7571647
EE Clotilde Veiga de Barros,451,160,5,8,125,38,787,766,2016,"-22,14705769","-51,38574058","-51.3857405756843, -22.1470576858688",460224,7550845
EE Fátima Ap. Costa Falcon,124,63,24,13,10,4,238,363,2016,"-22,11761457","-51,43414793","-51.43414793335647, -22.11761457194364",455223,7554090
EE Fernando Costa,564,270,103,30,42,60,1069,1165,2016,"-22,12019229","-51,3873924","-51.3873923952734, -22.1201922926299",460046,7553818
EE Florivaldo Leal,160,157,44,4,17,38,420,471,2016,"-22,12919703","-51,39326659","-51.3932665939704, -22.1291970251408",459443,7552820
EE Francisco Pessoa,380,69,44,13,23,19,548,559,2016,"-22,15301289","-51,45192393","-51.4519239278068, -22.1530128905198",453401,7550167
EE Hugo Miele,418,170,47,2,60,23,720,717,2016,"-22,11208739","-51,39147965","-51.39147965164236, -22.11208738847396",459622,7554714
EE João Alfredo da Silva,44,10,8,1,3,5,71,76,2016,"-21,91375764","-51,30116726","-51.30116725719787, -21.91375763913237",468894,7576688
EE Joel Antônio de Lima Genésio,255,44,23,6,22,11,361,347,2016,"-22,11444383","-51,42615186","-51.42615185849335, -22.11444383299049",456047,7554444
EE José Foz,161,65,63,3,31,39,362,559,2016,"-22,12208117","-51,37673732","-51.37673732041002, -22.12208117264124",461146,7553612
EE Maria Luiza Bastos,191,26,1,2,7,9,236,277,2016,"-22,13214161","-51,40524606","-51.40524605903943, -22.13214160526277",458208,7552491
EE Maria Luiza Formozinho Ribeiro,445,151,105,3,32,26,762,769,2016,"-22,12205514","-51,39966794","-51.39966793575265, -22.12205514355007",458781,7553609
EE Marieta Ferraz de Assunção,177,71,44,35,59,13,399,445,2016,"-22,13826568","-51,38899915","-51.38899915479362, -22.13826568169748",459886,7551817
EE Marrey Junior,112,68,16,6,33,28,263,254,2016,"-22,10681416","-51,39622964","-51.39622963760267, -22.10681415866147",459131,7555296
EE Miguel Omar Bareto,448,77,7,4,17,10,563,618,2016,"-22,13297741","-51,437803","-51.43780300136813, -22.13297740614673",454851,7552389
EE Mirella P. Desidere,384,246,115,4,44,53,846,872,2016,"-22,1103463","-51,4287836","-51.42878359712329, -22.11034630426748",455774,7554896
EE Monsenhor Sarrion,566,193,57,65,79,18,978,998,2016,"-22,13369718","-51,39093009","-51.39093008972468, -22.13369717779597",459685,7552322
EE Oracy Matricardi (Ana Jacinta),207,14,10,2,20,16,269,273,2016,"-22,15246176","-51,45058365","-51.45058365109404, -22.15246176333975",453539,7550228
EE Pedro Tofano –Montalvão,88,45,22,0,19,19,193,230,2016,"-22,0511197","-51,34701711","-51.34701710876899, -22.0511197037584",464193,7561474
EE Placídio Braga Nogueira,121,38,52,17,8,20,268,299,2016,"-22,13864919","-51,37491486","-51.37491485903934, -22.13864918512999",461338,7551778
EE Tannel Abud,196,146,130,2,35,54,563,601,2016,"-22,11460143","-51,37609601","-51.37609600506788, -22.11460142859055",461210,7554440
EE Teófilo G. Santa Cruz (H.Salv),116,58,39,2,0,27,242,427,2016,"-22,0839433","-51,39647036","-51.3964703627401, -22.08394330419608",459099,7557828
EM Alayde T. F. Motta,125,60,18,1,14,58,276,305,2016,"-22,14473417","-51,38256092","-51.38256091616356, -22.14473416973062",460551,7551103
EM Alberto Bernardes Sotelo,82,8,32,0,6,6,135,154,2016,"-22,13978827","-51,35372317","-51.35372316886564, -22.13978827470154",463524,7551657
EM Antonio Moreira Lima,256,23,9,4,26,40,358,376,2016,"-22,16016961","-51,45548561","-51.45548561137047, -22.16016960807991",453037,7549373
EM Aparecida Alves,189,4,6,0,14,2,215,231,2016,"-22,14361969","-51,39497096","-51.39497095849231, -22.14361969237946",459271,7551223
EM Aziz Felipe,206,2,32,18,21,26,305,403,2016,"-22,13422737","-51,3772764","-51.3772763958197, -22.13422737453585",461093,7552267
EM Benedita de Pádua Martins (Vó Dita),71,0,3,1,1,0,85,120,2016,"-22,09211286","-51,41869032","-51.41869032226062, -22.09211286296959",456810,7556918
EM Carla Simone da Silva Alves,104,0,0,0,2,0,113,123,2016,"-22,15147718","-51,45831302","-51.45831302410803, -22.15147718426324",452742,7550335
EM Carlo Ceriani,167,2,36,32,26,40,308,330,2016,"-22,09104298","-51,40282719","-51.40282718863248, -22.09104297945366",458446,7557040
EM Carlos A. A. Campos (Eneida),35,3,1,0,4,1,45,45,2016,"-21,91682868","-51,3019639","-51.30196390452799, -21.91682867862754",468812,7576348
EM Carlos Braga (Ameliópolis),23,7,4,0,1,8,45,47,2016,"-21,80226704","-51,29735029","-51.29735028788697, -21.80226703609472",469264,7589029
EM Carlos Castilho Cabral,176,82,23,3,58,0,342,337,2016,"-22,09901054","-51,39297155","-51.39297155109593, -22.09901054208509",459465,7556161
EM Carmem Pereira Delfim,78,31,27,4,48,46,234,242,2016,"-22,13491679","-51,38146344","-51.38146344184742, -22.13491678924642",460662,7552190
EM Catarina Martins Artero,115,67,18,21,13,29,263,241,2016,"-22,1101911","-51,38068432","-51.38068432225982, -22.11019110237303",460735,7554927
EM Dirce Mascarenhas,118,0,2,1,7,2,139,149,2016,"-22,09996723","-51,43427062","-51.43427062226029, -22.09996722788279",455205,7556044
EM Ditão,227,7,1,1,47,51,334,348,2016,"-22,10844038","-51,43157964","-51.43157963945204, -22.10844038037896",455485,7555107
EM Domingos F. de Medeiros,120,79,28,0,51,0,278,283,2016,"-22,1050689","-51,3892446","-51.38924460397457, -22.10506889832062",459851,7555491
EM Ederle Marangoni Dias,261,2,4,2,22,6,303,331,2016,"-22,10983998","-51,41971103","-51.41971103335685, -22.10983998169054",456710,7554955
EM Edna Carnelós Barbosa,125,2,3,11,12,4,178,198,2016,"-22,13865497","-51,38462796","-51.3846279645877, -22.13865497431422",460336,7551775
EM Edson Lopes,122,0,4,9,8,8,154,163,2016,"-22,14321923","-51,3936022","-51.39360220147683, -22.143219229454",459412,7551268
EM Eluísa R. Rodrigues,178,8,19,1,12,42,260,263,2016,"-22,11928173","-51,3870863","-51.38708629701948, -22.11928173266724",460077,7553919
EM Emilio Becker,128,52,23,2,8,32,245,251,2016,"-22,12770858","-51,377025","-51.37702499766941, -22.12770857779658",461117,7552989
EM Erika Portella Rodrigues,84,0,3,0,6,5,109,127,2016,"-22,13345791","-51,36547984","-51.36547983814849, -22.13345791005808",462310,7552355
EM Ettore Marangoni,155,32,7,0,12,42,248,283,2016,"-22,05108147","-51,34593889","-51.34593888602856, -22.05108146789168",464304,7561478
EM Eunice Menezes Educadora,63,2,7,5,9,10,100,128,2016,"-22,15015315","-51,37874701","-51.37874701301126, -22.15015314648558",460946,7550504
EM Francisca A. Góes Brandão,118,15,57,8,8,25,231,243,2016,"-22,13354296","-51,39984915","-51.39984915164156, -22.13354295954356",458765,7552337
EM Giseli Dalefi,269,101,74,22,28,83,577,599,2016,"-22,12946427","-51,44598922","-51.44598922040981, -22.12946427152818",454006,7552775
EM Ivo Garrido,116,18,5,2,7,43,191,215,2016,"-22,10222191","-51,43296095","-51.43296095109594, -22.10222191202309",455341,7555794
EM João Alfredo da Silva,26,5,6,0,6,6,49,51,2016,"-21,91307618","-51,30104837","-51.30104837432852, -21.913076183987133",468906,7576763
EM João Bohac,116,13,17,2,9,15,172,213,2016,"-22,14261288","-51,38408509","-51.38408509342323, -22.14261287878046",460393,7551337
EM João Franco de Godoy,184,71,30,3,25,79,392,400,2016,"-22,11324649","-51,39544043","-51.39544042835509, -22.1132464852897",459214,7554585
EM João Sebastião Lisboa,193,56,15,3,8,21,296,301,2016,"-22,12213719","-51,39951685","-51.39951685164191, -22.12213719468566",458796,7553599
EM José Carlos João,282,47,0,8,40,29,406,444,2016,"-22,14243888","-51,39100198","-51.39100198417588, -22.14243887858406",459680,7551355
EM José Soares Marcondes,300,108,85,21,45,124,683,697,2016,"-22,11933127","-51,38298954","-51.38298954369755, -22.11933127012247",460500,7553914
EM Jovita Terin,311,20,26,2,14,39,412,416,2016,"-22,08693107","-51,38393579","-51.38393578993529, -22.08693107237039",460393,7557501
EM Juracy Menezes Peralta,167,33,67,6,27,78,378,384,2016,"-22,08627167","-51,39632847","-51.39632847068484, -22.0862716737455",459115,7557570
EM Karina Krasucki,400,2,3,3,10,8,426,485,2016,"-22,15950528","-51,45422221","-51.4542222130108, -22.1595052797793",453167,7549447
EM Krisan Martin,148,1,4,0,9,0,162,161,2016,"-22,12864525","-51,44684507","-51.44684507, -22.12864525",453917,7552866
EM Ludovica L. Rodrigues Pioneira,137,37,44,12,39,49,318,393,2016,"-22,13853535","-51,37437471","-51.37437471, -22.13853535",461394,7551791
EM Maria do Socorro B. Almeida,267,59,7,0,102,8,443,470,2016,"-22,11417447","-51,43143416","-51.43143416, -22.11417447",455502,7554472
EM Maria Edite T. Perrone,62,3,2,0,0,0,67,67,2016,"-22,15396427","-51,38158887","-51.38158887, -22.15396427",460654,7550081
EM Maria Haddad Haidamus,130,0,6,1,14,5,159,191,2016,"-22,11815423","-51,37419753","-51.37419753, -22.11815423",461406,7554047
EM Maria Isabel B. Negrão,249,18,17,2,27,84,397,412,2016,"-22,15900351","-51,45243652","-51.45243652, -22.15900351",453351,7549503
EM Maria Regina Dal Pogetto,89,0,0,0,0,1,96,106,2016,"-22,13362376","-51,42733621","-51.42733621, -22.13362376",455931,7552320
EM Nair Lebrão,150,1,2,1,4,0,158,189,2016,"-22,11241179","-51,4316003","-51.4316003, -22.11241179",455484,7554667
EM Nazarena Zamit,180,1,19,2,10,9,221,276,2016,"-22,13891023","-51,37550388","-51.37550388, -22.13891023",461277,7551749
EM Ocyr Azevedo,80,19,17,23,60,61,260,327,2016,"-22,10965964","-51,41226432","-51.41226432, -22.10965964",457478,7554977
EM Odette Duarte da Costa,229,26,42,5,23,70,402,469,2016,"-22,0768845","-51,36046337","-51.36046337, -22.0768845",462812,7558619
EM Pedro Furquim,176,95,26,24,34,45,400,412,2016,"-22,12320378","-51,37495963","-51.37495963, -22.12320378",461329,7553488
EM Rosana Negrão,230,19,15,8,25,36,333,331,2016,"-22,08331327","-51,43151345","-51.43151345, -22.08331327",455484,7557888
EM Rosy Odethy R. Brandão,211,25,16,3,30,32,317,315,2016,"-22,09506859","-51,40325912","-51.40325912, -22.09506859",458402,7556595
EM Rot. Antônio Zacarias - Rotariano,117,31,67,13,14,32,274,290,2016,"-22,12341692","-51,42356793","-51.423567928459306, -22.123416918139267",456316,7553451
EM Rui Carlos V. Berbet,346,90,54,0,18,110,618,619,2016,"-22,08600556","-51,38078723","-51.38078723, -22.08600556",460718,7557604
EM Sueli R.O.D. Pereira,75,5,23,7,9,9,128,126,2016,"-22,10827422","-51,38896429","-51.38896428798681, -22.10827422004636",459881,7555137
EM Valter Marques,120,27,11,4,8,1,182,179,2016,"-22,10436741","-51,38852207","-51.38852207264139, -22.10436741481833",459925,7555569
EM Vilma Álvares Gonçalves,119,92,38,0,10,20,279,292,2016,"-22,1485129","-51,37363456","-51.37363456, -22.1485129",461473,7550687
EM Vilma G. Martinez (Cedral),179,5,10,4,15,11,224,270,2016,"-22,1193264","-51,42795136","-51.42795136, -22.1193264",455863,7553903
EM Vovó Silvéria,150,2,3,1,9,13,181,182,2016,"-22,08917001","-51,41278468","-51.41278468, -22.08917001",457418,7557245
Casa São José,58,8,8,22,28,33,157,157,2017,"-22,08889558","-51,38861732","-51.38861731636817, -22.08889557618601",459911,7557282
Creche Anita Ferreira B. de Oliveira,116,0,2,0,5,0,128,137,2017,"-22,12931948","-51,39093791","-51.3909379079446, -22.1293194767267",459683,7552807
Creche C. S. Vicente Palotti – Lar dos Meninos,195,1,7,0,2,9,220,231,2017,"-22,09893604","-51,42313062","-51.42313061703766, -22.098936040183247",456354,7556161
Creche Clotilde Veiga de Barros,177,1,2,0,17,0,205,199,2017,"-22,10980342","-51,39429739","-51.3942973891786, -22.1098034221683",459331,7554966
Creche Meimei,87,0,0,0,3,0,95,122,2017,"-22,12970947","-51,41285799","-51.4128579891779, -22.129709471891232",457423,7552758
Creche UNESP,21,0,0,0,0,0,22,30,2017,"-22,11886076","-51,4092135","-51.409213504521, -22.1188607558322",457795,7553959
Creche Walter Figueiredo,186,0,0,3,6,0,206,164,2017,"-22,10895326","-51,38626791","-51.3862679124659, -22.1089532609603",460159,7555062
EE Anna Antônio,230,86,73,4,73,37,503,507,2017,"-22,0910867","-51,38581814","-51.3858181413021, -22.0910867030776",460200,7557040
EE Antônio Fioravante de Menezes,224,77,18,3,45,13,380,358,2017,"-22,12970947","-51,3827848","-51.3827848045204, -22.1297094718912",460524,7552766
EE Arlindo Fantini,100,76,67,73,86,41,443,537,2017,"-22,10912648","-51,41076015","-51.41076014685, -22.1091264813455",457633,7555037
EE Celestina M. Teixeira,76,44,67,1,13,5,206,258,2017,"-21,95928647","-51,30795348","-51.30795347820825, -21.95928646996887",468203,7571647
EE Clotilde Veiga de Barros,212,113,31,17,77,17,467,472,2017,"-22,14705769","-51,38574058","-51.3857405756843, -22.1470576858688",460224,7550845
EE Fátima Ap. Costa Falcon,60,39,4,67,43,19,232,293,2017,"-22,11761457","-51,43414793","-51.43414793335647, -22.11761457194364",455223,7554090
EE Fernando Costa,555,309,60,10,89,46,1069,1138,2017,"-22,12019229","-51,3873924","-51.3873923952734, -22.1201922926299",460046,7553818
EE Florivaldo Leal,173,124,33,7,12,26,375,403,2017,"-22,12919703","-51,39326659","-51.3932665939704, -22.1291970251408",459443,7552820
EE Francisco Pessoa,343,53,9,9,81,13,508,492,2017,"-22,15301289","-51,45192393","-51.4519239278068, -22.1530128905198",453401,7550167
EE Hugo Miele,356,163,81,6,83,18,707,701,2017,"-22,11208739","-51,39147965","-51.39147965164236, -22.11208738847396",459622,7554714
EE João Alfredo da Silva,30,15,12,1,1,9,68,78,2017,"-21,91375764","-51,30116726","-51.30116725719787, -21.91375763913237",468894,7576688
EE Joel Antônio de Lima Genésio,271,30,1,17,36,9,364,363,2017,"-22,11444383","-51,42615186","-51.42615185849335, -22.11444383299049",456047,7554444
EE José Foz,209,63,52,4,37,5,370,593,2017,"-22,12208117","-51,37673732","-51.37673732041002, -22.12208117264124",461146,7553612
EE Maria Luiza Bastos,308,29,0,0,12,0,349,369,2017,"-22,13214161","-51,40524606","-51.40524605903943, -22.13214160526277",458208,7552491
EE Maria Luiza Formozinho Ribeiro,351,170,204,0,20,27,772,782,2017,"-22,12205514","-51,39966794","-51.39966793575265, -22.12205514355007",458781,7553609
EE Marieta Ferraz de Assunção,141,60,15,36,59,23,334,467,2017,"-22,13826568","-51,38899915","-51.38899915479362, -22.13826568169748",459886,7551817
EE Marrey Junior,110,56,12,4,40,32,254,256,2017,"-22,10681416","-51,39622964","-51.39622963760267, -22.10681415866147",459131,7555296
EE Miguel Omar Bareto,441,73,9,18,21,0,562,566,2017,"-22,13297741","-51,437803","-51.43780300136813, -22.13297740614673",454851,7552389
EE Mirella P. Desidere,431,263,59,16,30,34,833,889,2017,"-22,1103463","-51,4287836","-51.42878359712329, -22.11034630426748",455774,7554896
EE Monsenhor Sarrion,482,184,78,38,86,13,881,963,2017,"-22,13369718","-51,39093009","-51.39093008972468, -22.13369717779597",459685,7552322
EE Oracy Matricardi (Ana Jacinta),218,29,7,16,38,4,312,306,2017,"-22,15246176","-51,45058365","-51.45058365109404, -22.15246176333975",453539,7550228
EE Pastor João Carlos Padilha,188,41,6,4,66,3,308,353,2017,"-22,14380378","-51,37511205","-51.37511204565873, -22.14380378004891",461319,7551208
EE Pedro Tofano –Montalvão,102,42,17,0,10,17,188,368,2017,"-22,0511197","-51,34701711","-51.34701710876899, -22.0511197037584",464193,7561474
EE Placídio Braga Nogueira,138,45,28,7,8,9,235,276,2017,"-22,13864919","-51,37491486","-51.37491485903934, -22.13864918512999",461338,7551778
EE Tannel Abud,240,124,151,1,23,63,602,630,2017,"-22,11460143","-51,37609601","-51.37609600506788, -22.11460142859055",461210,7554440
EE Teófilo G. Santa Cruz (H.Salv),156,37,42,7,18,35,295,403,2017,"-22,0839433","-51,39647036","-51.3964703627401, -22.08394330419608",459099,7557828
EM Alayde T. F. Motta,125,38,14,1,15,69,262,283,2017,"-22,14473417","-51,38256092","-51.38256091616356, -22.14473416973062",460551,7551103
EM Alberto Bernardes Sotelo,77,10,29,1,21,7,145,93,2017,"-22,13978827","-51,35372317","-51.35372316886564, -22.13978827470154",463524,7551657
EM Antonio Moreira Lima,283,22,9,11,75,2,402,395,2017,"-22,16016961","-51,45548561","-51.45548561137047, -22.16016960807991",453037,7549373
EM Aparecida Alves,63,7,5,9,37,0,121,218,2017,"-22,14361969","-51,39497096","-51.39497095849231, -22.14361969237946",459271,7551223
EM Aziz Felipe,219,13,36,1,1,9,280,366,2017,"-22,13422737","-51,3772764","-51.3772763958197, -22.13422737453585",461093,7552267
EM Benedita de Pádua Martins (Vó Dita),87,0,1,0,3,0,93,114,2017,"-22,09211286","-51,41869032","-51.41869032226062, -22.09211286296959",456810,7556918
EM Carla Simone da Silva Alves,78,0,0,0,3,0,86,110,2017,"-22,15147718","-51,45831302","-51.45831302410803, -22.15147718426324",452742,7550335
EM Carlo Ceriani,225,23,25,0,14,24,311,354,2017,"-22,09104298","-51,40282719","-51.40282718863248, -22.09104297945366",458446,7557040
EM Carlos A. A. Campos (Eneida),46,10,10,0,5,6,79,92,2017,"-21,91682868","-51,3019639","-51.30196390452799, -21.91682867862754",468812,7576348
EM Carlos Braga (Ameliópolis),23,2,3,1,2,5,37,52,2017,"-21,80226704","-51,29735029","-51.29735028788697, -21.80226703609472",469264,7589029
EM Carlos Castilho Cabral,192,76,5,14,41,9,337,348,2017,"-22,09901054","-51,39297155","-51.39297155109593, -22.09901054208509",459465,7556161
EM Carmem Pereira Delfim,83,49,22,3,57,35,249,247,2017,"-22,13491679","-51,38146344","-51.38146344184742, -22.13491678924642",460662,7552190
EM Catarina Martins Artero,150,63,19,24,9,26,291,283,2017,"-22,1101911","-51,38068432","-51.38068432225982, -22.11019110237303",460735,7554927
EM Dirce Mascarenhas,95,0,0,0,2,0,103,118,2017,"-22,09996723","-51,43427062","-51.43427062226029, -22.09996722788279",455205,7556044
EM Ditão,185,6,4,3,35,3,236,274,2017,"-22,10844038","-51,43157964","-51.43157963945204, -22.10844038037896",455485,7555107
EM Domingos F. de Medeiros,153,61,25,8,59,3,309,319,2017,"-22,1050689","-51,3892446","-51.38924460397457, -22.10506889832062",459851,7555491
EM Ederle Marangoni Dias,280,6,0,0,19,0,308,326,2017,"-22,10983998","-51,41971103","-51.41971103335685, -22.10983998169054",456710,7554955
EM Edna Carnelós Barbosa,83,1,0,20,15,0,129,160,2017,"-22,13865497","-51,38462796","-51.3846279645877, -22.13865497431422",460336,7551775
EM Edson Lopes,95,4,3,42,8,5,159,159,2017,"-22,14321923","-51,3936022","-51.39360220147683, -22.143219229454",459412,7551268
EM Eliane T de Araújo,90,1,1,0,9,15,124,137,2017,"-22,07478748","-51,38098596","-51.38098595824087, -22.07478747906466",460694,7558845
EM Eluísa R. Rodrigues,262,9,0,0,15,0,286,297,2017,"-22,11928173","-51,3870863","-51.38708629701948, -22.11928173266724",460077,7553919
EM Emilio Becker,157,41,21,3,4,19,245,249,2017,"-22,12770858","-51,377025","-51.37702499766941, -22.12770857779658",461117,7552989
EM Erika Portella Rodrigues,113,0,3,0,3,3,129,126,2017,"-22,13345791","-51,36547984","-51.36547983814849, -22.13345791005808",462310,7552355
EM Ettore Marangoni,159,37,8,0,11,32,250,289,2017,"-22,05108147","-51,34593889","-51.34593888602856, -22.05108146789168",464304,7561478
EM Eunice Menezes Educadora,91,1,13,1,3,1,117,122,2017,"-22,15015315","-51,37874701","-51.37874701301126, -22.15015314648558",460946,7550504
EM Francisca A. Góes Brandão,123,18,52,5,4,23,225,240,2017,"-22,13354296","-51,39984915","-51.39984915164156, -22.13354295954356",458765,7552337
EM Giseli Dalefi,310,95,61,4,43,84,597,605,2017,"-22,12946427","-51,44598922","-51.44598922040981, -22.12946427152818",454006,7552775
EM Ivo Garrido,176,10,8,1,57,4,256,278,2017,"-22,10222191","-51,43296095","-51.43296095109594, -22.10222191202309",455341,7555794
EM João Bohac,131,12,7,0,14,13,177,215,2017,"-22,14261288","-51,38408509","-51.38408509342323, -22.14261287878046",460393,7551337
EM João Franco de Godoy,171,74,27,8,28,74,382,439,2017,"-22,11324649","-51,39544043","-51.39544042835509, -22.1132464852897",459214,7554585
EM João Sebastião Lisboa,241,68,12,1,4,20,346,349,2017,"-22,12213719","-51,39951685","-51.39951685164191, -22.12213719468566",458796,7553599
EM José Carlos João,330,31,0,0,50,0,411,431,2017,"-22,14243888","-51,39100198","-51.39100198417588, -22.14243887858406",459680,7551355
EM José Soares Marcondes,282,162,54,42,32,106,678,712,2017,"-22,11933127","-51,38298954","-51.38298954369755, -22.11933127012247",460500,7553914
EM Jovita Terin,236,10,18,1,28,38,338,404,2017,"-22,08693107","-51,38393579","-51.38393578993529, -22.08693107237039",460393,7557501
EM Julio Braga,48,2,0,0,0,0,54,150,2017,"-22,0838194","-51,39385336","-51.39385336100548, -22.083819404369105",459369,7557842
EM Juracy Menezes Peralta,129,13,75,6,46,71,340,386,2017,"-22,08627167","-51,39632847","-51.39632847068484, -22.0862716737455",459115,7557570
EM Karina Krasucki,429,5,5,1,27,2,476,533,2017,"-22,15950528","-51,45422221","-51.4542222130108, -22.1595052797793",453167,7549447
EM Krisan Martin,161,0,1,2,12,0,176,178,2017,"-22,12864525","-51,44684507","-51.44684507, -22.12864525",453917,7552866
EM Ludovica L. Rodrigues Pioneira,153,51,40,10,72,15,341,401,2017,"-22,13853535","-51,37437471","-51.37437471, -22.13853535",461394,7551791
EM Maria do Socorro B. Almeida,276,49,23,1,106,17,472,506,2017,"-22,11417447","-51,43143416","-51.43143416, -22.11417447",455502,7554472
EM Maria Edite T. Perrone,61,4,1,0,0,0,66,68,2017,"-22,15396427","-51,38158887","-51.38158887, -22.15396427",460654,7550081
EM Maria Haddad Haidamus,129,0,0,3,3,0,135,181,2017,"-22,11815423","-51,37419753","-51.37419753, -22.11815423",461406,7554047
EM Maria Isabel B. Negrão,206,29,50,0,27,84,396,413,2017,"-22,15900351","-51,45243652","-51.45243652, -22.15900351",453351,7549503
EM Maria Regina Dal Pogetto,85,0,0,0,0,0,92,125,2017,"-22,13362376","-51,42733621","-51.42733621, -22.13362376",455931,7552320
EM Mario Peretti,94,0,0,0,7,0,107,94,2017,"-22,07759997","-51,41393515","-51.41393514566024, -22.077599968343087",457296,7558525
EM Nair Lebrão,141,0,1,0,5,0,147,173,2017,"-22,11241179","-51,4316003","-51.4316003, -22.11241179",455484,7554667
EM Nazarena Zamit,193,7,24,1,25,1,256,325,2017,"-22,13891023","-51,37550388","-51.37550388, -22.13891023",461277,7551749
EM Ocyr Azevedo,92,21,31,30,29,67,270,302,2017,"-22,10965964","-51,41226432","-51.41226432, -22.10965964",457478,7554977
EM Odette Duarte da Costa,248,39,39,4,10,61,405,481,2017,"-22,0768845","-51,36046337","-51.36046337, -22.0768845",462812,7558619
EM Pedro Furquim,195,79,37,27,35,47,420,417,2017,"-22,12320378","-51,37495963","-51.37495963, -22.12320378",461329,7553488
EM Rosana Negrão,265,20,9,4,53,5,356,355,2017,"-22,08331327","-51,43151345","-51.43151345, -22.08331327",455484,7557888
EM Rosy Odethy R. Brandão,222,16,14,1,49,8,310,313,2017,"-22,09506859","-51,40325912","-51.40325912, -22.09506859",458402,7556595
EM Rot. Antônio Zacarias - Rotariano,160,23,64,6,14,34,301,303,2017,"-22,12341692","-51,42356793","-51.423567928459306, -22.123416918139267",456316,7553451
EM Rui Carlos V. Berbet,405,63,40,0,7,117,632,604,2017,"-22,08600556","-51,38078723","-51.38078723, -22.08600556",460718,7557604
EM Sueli R.O.D. Pereira,36,0,3,20,12,11,82,117,2017,"-22,10827422","-51,38896429","-51.38896428798681, -22.10827422004636",459881,7555137
EM Sylvia M.P. Faustino,77,2,23,0,0,9,115,148,2017,"-22,07027293","-51,38217668","-51.38217668427893, -22.07027292657825",460570,7559345
EM Valter Marques,83,0,1,26,15,2,134,159,2017,"-22,10436741","-51,38852207","-51.38852207264139, -22.10436741481833",459925,7555569
EM Vânia M.V. Aquotti,79,0,1,0,2,0,95,96,2017,"-22,11010054","-51,43699775","-51.43699775358699, -22.11010054203948",454927,7554921
EM Vilma Álvares Gonçalves,102,92,56,10,13,23,296,296,2017,"-22,1485129","-51,37363456","-51.37363456, -22.1485129",461473,7550687
EM Vilma G. Martinez (Cedral),226,9,10,1,37,4,287,319,2017,"-22,1193264","-51,42795136","-51.42795136, -22.1193264",455863,7553903
EM Vovó Silvéria,151,5,4,0,12,7,181,179,2017,"-22,08917001","-51,41278468","-51.41278468, -22.08917001",457418,7557245
Casa São José,60,2,2,14,5,11,94,209,2018,"-22,08889558","-51,38861732","-51.38861731636817, -22.08889557618601",459911,7557282
Creche Anita Ferreira B. de Oliveira,153,0,0,0,2,0,159,164,2018,"-22,12931948","-51,39093791","-51.3909379079446, -22.1293194767267",459683,7552807
Creche C. S. Vicente Palotti – Lar dos Meninos,168,3,4,2,8,8,195,231,2018,"-22,09893604","-51,42313062","-51.42313061703766, -22.098936040183247",456354,7556161
Creche Clotilde Veiga de Barros,159,2,0,0,18,0,182,171,2018,"-22,10980342","-51,39429739","-51.3942973891786, -22.1098034221683",459331,7554966
Creche Meimei,114,1,0,0,0,1,117,130,2018,"-22,12970947","-51,41285799","-51.4128579891779, -22.129709471891232",457423,7552758
Creche UNESP,24,0,0,0,0,0,25,25,2018,"-22,11886076","-51,4092135","-51.409213504521, -22.1188607558322",457795,7553959
Creche Walter Figueiredo,208,0,0,1,8,0,228,203,2018,"-22,10895326","-51,38626791","-51.3862679124659, -22.1089532609603",460159,7555062
EE Anna Antônio,187,87,103,3,83,32,495,539,2018,"-22,0910867","-51,38581814","-51.3858181413021, -22.0910867030776",460200,7557040
EE Antônio Fioravante de Menezes,170,50,11,0,42,5,278,378,2018,"-22,12970947","-51,3827848","-51.3827848045204, -22.1297094718912",460524,7552766
EE Arlindo Fantini,280,88,21,0,31,14,434,580,2018,"-22,10912648","-51,41076015","-51.41076014685, -22.1091264813455",457633,7555037
EE Celestina M. Teixeira,68,41,59,3,11,8,190,261,2018,"-21,95928647","-51,30795348","-51.30795347820825, -21.95928646996887",468203,7571647
EE Clotilde Veiga de Barros,214,112,8,22,88,9,453,469,2018,"-22,14705769","-51,38574058","-51.3857405756843, -22.1470576858688",460224,7550845
EE Fátima Ap. Costa Falcon,61,28,8,14,29,11,151,254,2018,"-22,11761457","-51,43414793","-51.43414793335647, -22.11761457194364",455223,7554090
EE Fernando Costa,574,181,46,7,108,37,953,970,2018,"-22,12019229","-51,3873924","-51.3873923952734, -22.1201922926299",460046,7553818
EE Florivaldo Leal,119,85,17,11,19,15,266,280,2018,"-22,12919703","-51,39326659","-51.3932665939704, -22.1291970251408",459443,7552820
EE Francisco Pessoa,334,50,24,9,66,12,495,523,2018,"-22,15301289","-51,45192393","-51.4519239278068, -22.1530128905198",453401,7550167
EE Hugo Miele,273,186,87,0,78,18,642,697,2018,"-22,11208739","-51,39147965","-51.39147965164236, -22.11208738847396",459622,7554714
EE João Alfredo da Silva,28,16,19,1,14,2,80,89,2018,"-21,91375764","-51,30116726","-51.30116725719787, -21.91375763913237",468894,7576688
EE Joel Antônio de Lima Genésio,273,28,7,0,58,2,368,376,2018,"-22,11444383","-51,42615186","-51.42615185849335, -22.11444383299049",456047,7554444
EE José Foz,247,46,9,2,33,8,345,494,2018,"-22,12208117","-51,37673732","-51.37673732041002, -22.12208117264124",461146,7553612
EE Maria Luiza Bastos,323,24,0,1,4,4,356,440,2018,"-22,13214161","-51,40524606","-51.40524605903943, -22.13214160526277",458208,7552491
EE Maria Luiza Formozinho Ribeiro,357,146,234,0,35,21,793,820,2018,"-22,12205514","-51,39966794","-51.39966793575265, -22.12205514355007",458781,7553609
EE Marieta Ferraz de Assunção,174,57,23,38,76,23,391,489,2018,"-22,13826568","-51,38899915","-51.38899915479362, -22.13826568169748",459886,7551817
EE Marrey Junior,121,30,18,12,35,8,224,260,2018,"-22,10681416","-51,39622964","-51.39622963760267, -22.10681415866147",459131,7555296
EE Miguel Omar Bareto,141,43,0,0,2,6,192,549,2018,"-22,13297741","-51,437803","-51.43780300136813, -22.13297740614673",454851,7552389
EE Mirella P. Desidere,489,223,60,15,32,29,848,919,2018,"-22,1103463","-51,4287836","-51.42878359712329, -22.11034630426748",455774,7554896
EE Monsenhor Sarrion,410,191,49,34,99,13,796,881,2018,"-22,13369718","-51,39093009","-51.39093008972468, -22.13369717779597",459685,7552322
EE Oracy Matricardi (Ana Jacinta),218,41,2,3,37,7,308,299,2018,"-22,15246176","-51,45058365","-51.45058365109404, -22.15246176333975",453539,7550228
EE Pastor João Carlos Padilha,158,53,6,1,53,6,277,351,2018,"-22,14380378","-51,37511205","-51.37511204565873, -22.14380378004891",461319,7551208
EE Pedro Tofano –Montalvão,84,86,14,0,21,10,215,216,2018,"-22,0511197","-51,34701711","-51.34701710876899, -22.0511197037584",464193,7561474
EE Placídio Braga Nogueira,194,42,28,4,12,0,280,329,2018,"-22,13864919","-51,37491486","-51.37491485903934, -22.13864918512999",461338,7551778
EE Tannel Abud,199,94,185,0,21,56,555,608,2018,"-22,11460143","-51,37609601","-51.37609600506788, -22.11460142859055",461210,7554440
EE Teófilo G. Santa Cruz (H.Salv),163,34,68,8,6,27,306,414,2018,"-22,0839433","-51,39647036","-51.3964703627401, -22.08394330419608",459099,7557828
EM Alayde T. F. Motta,141,21,13,7,49,59,290,316,2018,"-22,14473417","-51,38256092","-51.38256091616356, -22.14473416973062",460551,7551103
EM Alberto Bernardes Sotelo,84,6,27,0,28,2,148,167,2018,"-22,13978827","-51,35372317","-51.35372316886564, -22.13978827470154",463524,7551657
EM Antonio Moreira Lima,282,17,10,1,69,29,408,413,2018,"-22,16016961","-51,45548561","-51.45548561137047, -22.16016960807991",453037,7549373
EM Aparecida Alves,112,2,0,0,12,10,136,162,2018,"-22,14361969","-51,39497096","-51.39497095849231, -22.14361969237946",459271,7551223
EM Aziz Felipe,199,16,30,4,6,3,258,351,2018,"-22,13422737","-51,3772764","-51.3772763958197, -22.13422737453585",461093,7552267
EM Benedita de Pádua Martins (Vó Dita),60,0,0,0,3,0,63,173,2018,"-22,09211286","-51,41869032","-51.41869032226062, -22.09211286296959",456810,7556918
EM Carla Simone da Silva Alves,104,2,0,0,3,0,111,133,2018,"-22,15147718","-51,45831302","-51.45831302410803, -22.15147718426324",452742,7550335
EM Carlo Ceriani,239,7,14,8,18,18,304,311,2018,"-22,09104298","-51,40282719","-51.40282718863248, -22.09104297945366",458446,7557040
EM Carlos A. A. Campos (Eneida),47,20,9,0,2,2,80,94,2018,"-21,91682868","-51,3019639","-51.30196390452799, -21.91682867862754",468812,7576348
EM Carlos Braga (Ameliópolis),23,5,0,0,4,1,36,48,2018,"-21,80226704","-51,29735029","-51.29735028788697, -21.80226703609472",469264,7589029
EM Carlos Castilho Cabral,220,82,27,0,55,1,385,387,2018,"-22,09901054","-51,39297155","-51.39297155109593, -22.09901054208509",459465,7556161
EM Carmem Pereira Delfim,94,35,14,0,49,34,226,231,2018,"-22,13491679","-51,38146344","-51.38146344184742, -22.13491678924642",460662,7552190
EM Catarina Martins Artero,151,65,11,26,22,39,314,326,2018,"-22,1101911","-51,38068432","-51.38068432225982, -22.11019110237303",460735,7554927
EM Dirce Mascarenhas,129,0,0,1,10,0,140,146,2018,"-22,09996723","-51,43427062","-51.43427062226029, -22.09996722788279",455205,7556044
EM Ditão,167,4,1,0,66,0,238,247,2018,"-22,10844038","-51,43157964","-51.43157963945204, -22.10844038037896",455485,7555107
EM Domingos F. de Medeiros,156,89,36,0,52,0,333,323,2018,"-22,1050689","-51,3892446","-51.38924460397457, -22.10506889832062",459851,7555491
EM Ederle Marangoni Dias,284,6,0,1,11,5,307,351,2018,"-22,10983998","-51,41971103","-51.41971103335685, -22.10983998169054",456710,7554955
EM Edna Carnelós Barbosa,86,1,0,19,9,7,124,152,2018,"-22,13865497","-51,38462796","-51.3846279645877, -22.13865497431422",460336,7551775
EM Edson Lopes,84,1,2,15,12,1,117,141,2018,"-22,14321923","-51,3936022","-51.39360220147683, -22.143219229454",459412,7551268
EM Eliane T de Araújo,85,1,3,0,4,5,101,156,2018,"-22,07478748","-51,38098596","-51.38098595824087, -22.07478747906466",460694,7558845
EM Eluísa R. Rodrigues,195,1,0,0,19,1,216,243,2018,"-22,11928173","-51,3870863","-51.38708629701948, -22.11928173266724",460077,7553919
EM Emilio Becker,185,36,24,5,2,33,285,280,2018,"-22,12770858","-51,377025","-51.37702499766941, -22.12770857779658",461117,7552989
EM Erika Portella Rodrigues,99,1,1,0,3,5,111,123,2018,"-22,13345791","-51,36547984","-51.36547983814849, -22.13345791005808",462310,7552355
EM Ettore Marangoni,173,32,10,0,12,36,266,302,2018,"-22,05108147","-51,34593889","-51.34593888602856, -22.05108146789168",464304,7561478
EM Eunice Menezes Educadora,74,0,3,1,3,1,83,119,2018,"-22,15015315","-51,37874701","-51.37874701301126, -22.15015314648558",460946,7550504
EM Francisca A. Góes Brandão,132,8,59,2,5,23,229,239,2018,"-22,13354296","-51,39984915","-51.39984915164156, -22.13354295954356",458765,7552337
EM Giseli Dalefi,372,105,36,0,34,83,630,653,2018,"-22,12946427","-51,44598922","-51.44598922040981, -22.12946427152818",454006,7552775
EM Ivo Garrido,179,13,3,3,28,7,233,266,2018,"-22,10222191","-51,43296095","-51.43296095109594, -22.10222191202309",455341,7555794
EM João Bohac,110,4,2,10,29,31,186,224,2018,"-22,14261288","-51,38408509","-51.38408509342323, -22.14261287878046",460393,7551337
EM João Franco de Godoy,242,63,6,1,44,4,360,422,2018,"-22,11324649","-51,39544043","-51.39544042835509, -22.1132464852897",459214,7554585
EM João Sebastião Lisboa,217,60,18,2,4,20,321,320,2018,"-22,12213719","-51,39951685","-51.39951685164191, -22.12213719468566",458796,7553599
EM José Carlos João,292,35,3,0,54,12,396,433,2018,"-22,14243888","-51,39100198","-51.39100198417588, -22.14243887858406",459680,7551355
EM José Soares Marcondes,219,169,60,52,41,84,625,607,2018,"-22,11933127","-51,38298954","-51.38298954369755, -22.11933127012247",460500,7553914
EM Jovita Terin,314,13,22,1,15,46,411,444,2018,"-22,08693107","-51,38393579","-51.38393578993529, -22.08693107237039",460393,7557501
EM Julio Braga,84,1,0,0,3,8,99,111,2018,"-22,0838194","-51,39385336","-51.39385336100548, -22.083819404369105",459369,7557842
EM Juracy Menezes Peralta,143,17,114,25,13,61,373,436,2018,"-22,08627167","-51,39632847","-51.39632847068484, -22.0862716737455",459115,7557570
EM Karina Krasucki,403,9,0,0,54,0,471,478,2018,"-22,15950528","-51,45422221","-51.4542222130108, -22.1595052797793",453167,7549447
EM Krisan Martin,152,0,3,2,7,5,169,164,2018,"-22,12864525","-51,44684507","-51.44684507, -22.12864525",453917,7552866
EM Ludovica L. Rodrigues Pioneira,138,51,64,12,45,22,332,399,2018,"-22,13853535","-51,37437471","-51.37437471, -22.13853535",461394,7551791
EM Maria do Socorro B. Almeida,286,44,29,3,38,87,487,525,2018,"-22,11417447","-51,43143416","-51.43143416, -22.11417447",455502,7554472
EM Maria Edite T. Perrone,56,0,4,0,1,1,66,68,2018,"-22,15396427","-51,38158887","-51.38158887, -22.15396427",460654,7550081
EM Maria Haddad Haidamus,158,1,2,1,8,2,172,172,2018,"-22,11815423","-51,37419753","-51.37419753, -22.11815423",461406,7554047
EM Maria Isabel B. Negrão,210,25,56,1,38,75,405,419,2018,"-22,15900351","-51,45243652","-51.45243652, -22.15900351",453351,7549503
EM Maria Regina Dal Pogetto,108,0,1,0,1,1,119,142,2018,"-22,13362376","-51,42733621","-51.42733621, -22.13362376",455931,7552320
EM Mario Peretti,107,4,0,0,14,0,125,132,2018,"-22,07759997","-51,41393515","-51.41393514566024, -22.077599968343087",457296,7558525
EM Nair Lebrão,130,1,0,0,7,0,139,175,2018,"-22,11241179","-51,4316003","-51.4316003, -22.11241179",455484,7554667
EM Nazarena Zamit,196,7,15,0,14,3,235,292,2018,"-22,13891023","-51,37550388","-51.37550388, -22.13891023",461277,7551749
EM Ocyr Azevedo,135,19,29,43,33,84,343,342,2018,"-22,10965964","-51,41226432","-51.41226432, -22.10965964",457478,7554977
EM Odette Duarte da Costa,244,30,23,21,34,77,429,513,2018,"-22,0768845","-51,36046337","-51.36046337, -22.0768845",462812,7558619
EM Pedro Furquim,207,78,26,12,36,48,407,418,2018,"-22,12320378","-51,37495963","-51.37495963, -22.12320378",461329,7553488
EM Rosana Negrão,204,30,4,3,43,55,339,339,2018,"-22,08331327","-51,43151345","-51.43151345, -22.08331327",455484,7557888
EM Rosy Odethy R. Brandão,217,10,5,0,57,12,301,310,2018,"-22,09506859","-51,40325912","-51.40325912, -22.09506859",458402,7556595
EM Rot. Antônio Zacarias - Rotariano,148,17,63,1,11,29,269,290,2018,"-22,12341692","-51,42356793","-51.423567928459306, -22.123416918139267",456316,7553451
EM Rui Carlos V. Berbet,177,46,138,0,46,146,553,590,2018,"-22,08600556","-51,38078723","-51.38078723, -22.08600556",460718,7557604
EM Sueli R.O.D. Pereira,54,1,1,15,20,22,113,123,2018,"-22,10827422","-51,38896429","-51.38896428798681, -22.10827422004636",459881,7555137
EM Sylvia M.P. Faustino,89,1,6,4,7,4,116,142,2018,"-22,07027293","-51,38217668","-51.38217668427893, -22.07027292657825",460570,7559345
EM Valter Marques,149,1,0,1,14,0,168,153,2018,"-22,10436741","-51,38852207","-51.38852207264139, -22.10436741481833",459925,7555569
EM Vânia M.V. Aquotti,108,0,0,0,2,0,111,125,2018,"-22,11010054","-51,43699775","-51.43699775358699, -22.11010054203948",454927,7554921
EM Vilma Álvares Gonçalves,152,57,49,3,10,41,312,321,2018,"-22,1485129","-51,37363456","-51.37363456, -22.1485129",461473,7550687
EM Vilma G. Martinez (Cedral),174,6,4,0,47,0,231,320,2018,"-22,1193264","-51,42795136","-51.42795136, -22.1193264",455863,7553903
EM Vovó Silvéria,121,2,1,4,11,13,153,180,2018,"-22,08917001","-51,41278468","-51.41278468, -22.08917001",457418,7557245
ETEC A. Arruda Mello,37,30,23,0,3,1,94,100,2018,"-22,12225564","-51,38942346","-51.38942345544129, -22.12225563876316",459837,7553589
Casa São José,66,3,1,0,13,4,87,209,2019,"-22,08889558","-51,38861732","-51.38861731636817, -22.08889557618601",459911,7557282
Creche Anita Ferreira B. de Oliveira,123,0,1,0,2,1,133,179,2019,"-22,12931948","-51,39093791","-51.3909379079446, -22.1293194767267",459683,7552807
Creche C. S. Vicente Palotti – Lar dos Meninos,186,1,5,1,6,1,203,242,2019,"-22,09893604","-51,42313062","-51.42313061703766, -22.098936040183247",456354,7556161
Creche Clotilde Veiga de Barros,189,1,0,0,11,0,204,219,2019,"-22,10980342","-51,39429739","-51.3942973891786, -22.1098034221683",459331,7554966
Creche Meimei,120,1,0,4,3,1,131,163,2019,"-22,12970947","-51,41285799","-51.4128579891779, -22.129709471891232",457423,7552758
Creche UNESP,17,0,0,2,1,0,20,25,2019,"-22,11886076","-51,4092135","-51.409213504521, -22.1188607558322",457795,7553959
Creche Walter Figueiredo,186,0,0,0,7,1,197,219,2019,"-22,10895326","-51,38626791","-51.3862679124659, -22.1089532609603",460159,7555062
EE Anna Antônio,237,32,11,9,86,12,387,534,2019,"-22,0910867","-51,38581814","-51.3858181413021, -22.0910867030776",460200,7557040
EE Antônio Fioravante de Menezes,128,31,2,0,39,0,200,261,2019,"-22,12970947","-51,3827848","-51.3827848045204, -22.1297094718912",460524,7552766
EE Arlindo Fantini,232,78,22,10,48,10,400,534,2019,"-22,10912648","-51,41076015","-51.41076014685, -22.1091264813455",457633,7555037
EE Celestina M. Teixeira,68,29,45,5,15,6,168,243,2019,"-21,95928647","-51,30795348","-51.30795347820825, -21.95928646996887",468203,7571647
EE Clotilde Veiga de Barros,182,148,9,2,74,15,430,415,2019,"-22,14705769","-51,38574058","-51.3857405756843, -22.1470576858688",460224,7550845
EE Fátima Ap. Costa Falcon,53,26,22,10,29,5,145,221,2019,"-22,11761457","-51,43414793","-51.43414793335647, -22.11761457194364",455223,7554090
EE Fernando Costa,393,143,13,17,83,28,677,938,2019,"-22,12019229","-51,3873924","-51.3873923952734, -22.1201922926299",460046,7553818
EE Florivaldo Leal,170,27,5,0,12,3,217,253,2019,"-22,12919703","-51,39326659","-51.3932665939704, -22.1291970251408",459443,7552820
EE Francisco Pessoa,200,67,37,10,44,10,368,475,2019,"-22,15301289","-51,45192393","-51.4519239278068, -22.1530128905198",453401,7550167
EE Hugo Miele,320,120,38,14,71,25,588,700,2019,"-22,11208739","-51,39147965","-51.39147965164236, -22.11208738847396",459622,7554714
EE João Alfredo da Silva,24,25,4,6,2,2,63,77,2019,"-21,91375764","-51,30116726","-51.30116725719787, -21.91375763913237",468894,7576688
EE Joel Antônio de Lima Genésio,189,35,30,10,56,5,325,384,2019,"-22,11444383","-51,42615186","-51.42615185849335, -22.11444383299049",456047,7554444
EE José Foz,182,72,13,1,44,8,320,435,2019,"-22,12208117","-51,37673732","-51.37673732041002, -22.12208117264124",461146,7553612
EE Maria Luiza Bastos,201,56,38,43,34,6,378,425,2019,"-22,13214161","-51,40524606","-51.40524605903943, -22.13214160526277",458208,7552491
EE Maria Luiza Formozinho Ribeiro,382,120,32,15,52,9,610,749,2019,"-22,12205514","-51,39966794","-51.39966793575265, -22.12205514355007",458781,7553609
EE Marieta Ferraz de Assunção,168,64,39,12,38,15,336,489,2019,"-22,13826568","-51,38899915","-51.38899915479362, -22.13826568169748",459886,7551817
EE Marrey Junior,120,67,19,9,19,7,241,268,2019,"-22,10681416","-51,39622964","-51.39622963760267, -22.10681415866147",459131,7555296
EE Miguel Omar Bareto,243,80,22,1,44,8,398,508,2019,"-22,13297741","-51,437803","-51.43780300136813, -22.13297740614673",454851,7552389
EE Mirella P. Desidere,455,144,84,15,74,21,793,908,2019,"-22,1103463","-51,4287836","-51.42878359712329, -22.11034630426748",455774,7554896
EE Monsenhor Sarrion,411,182,51,7,64,12,727,821,2019,"-22,13369718","-51,39093009","-51.39093008972468, -22.13369717779597",459685,7552322
EE Oracy Matricardi (Ana Jacinta),163,43,1,9,24,9,249,307,2019,"-22,15246176","-51,45058365","-51.45058365109404, -22.15246176333975",453539,7550228
EE Pastor João Carlos Padilha,113,23,16,5,30,10,197,299,2019,"-22,14380378","-51,37511205","-51.37511204565873, -22.14380378004891",461319,7551208
EE Pedro Tofano –Montalvão,63,55,31,10,45,14,218,248,2019,"-22,0511197","-51,34701711","-51.34701710876899, -22.0511197037584",464193,7561474
EE Placídio Braga Nogueira,168,44,45,42,7,4,310,362,2019,"-22,13864919","-51,37491486","-51.37491485903934, -22.13864918512999",461338,7551778
EE Tannel Abud,200,81,34,6,51,15,387,540,2019,"-22,11460143","-51,37609601","-51.37609600506788, -22.11460142859055",461210,7554440
EE Teófilo G. Santa Cruz (H.Salv),159,52,30,8,13,21,283,429,2019,"-22,0839433","-51,39647036","-51.3964703627401, -22.08394330419608",459099,7557828
EM Alayde T. F. Motta,168,29,14,0,6,75,292,302,2019,"-22,14473417","-51,38256092","-51.38256091616356, -22.14473416973062",460551,7551103
EM Alberto Bernardes Sotelo,98,8,32,0,15,4,157,180,2019,"-22,13978827","-51,35372317","-51.35372316886564, -22.13978827470154",463524,7551657
EM Antonio Moreira Lima,244,14,24,1,57,19,359,412,2019,"-22,16016961","-51,45548561","-51.45548561137047, -22.16016960807991",453037,7549373
EM Aparecida Alves,188,5,0,0,27,2,222,282,2019,"-22,14361969","-51,39497096","-51.39497095849231, -22.14361969237946",459271,7551223
EM Aziz Felipe,171,11,17,13,5,4,221,338,2019,"-22,13422737","-51,3772764","-51.3772763958197, -22.13422737453585",461093,7552267
EM Benedita de Pádua Martins (Vó Dita),135,1,2,5,6,1,152,171,2019,"-22,09211286","-51,41869032","-51.41869032226062, -22.09211286296959",456810,7556918
EM Carla Simone da Silva Alves,113,0,0,1,0,1,115,155,2019,"-22,15147718","-51,45831302","-51.45831302410803, -22.15147718426324",452742,7550335
EM Carlo Ceriani,191,6,17,0,12,18,244,346,2019,"-22,09104298","-51,40282719","-51.40282718863248, -22.09104297945366",458446,7557040
EM Carlos A. A. Campos (Eneida),57,8,5,6,9,3,88,97,2019,"-21,91682868","-51,3019639","-51.30196390452799, -21.91682867862754",468812,7576348
EM Carlos Braga (Ameliópolis),12,2,1,1,1,1,23,45,2019,"-21,80226704","-51,29735029","-51.29735028788697, -21.80226703609472",469264,7589029
EM Carlos Castilho Cabral,236,104,17,4,72,1,434,436,2019,"-22,09901054","-51,39297155","-51.39297155109593, -22.09901054208509",459465,7556161
EM Carmem Pereira Delfim,85,35,14,1,46,38,219,228,2019,"-22,13491679","-51,38146344","-51.38146344184742, -22.13491678924642",460662,7552190
EM Catarina Martins Artero,229,60,17,10,43,43,402,402,2019,"-22,1101911","-51,38068432","-51.38068432225982, -22.11019110237303",460735,7554927
EM Dirce Mascarenhas,148,3,1,0,9,2,166,185,2019,"-22,09996723","-51,43427062","-51.43427062226029, -22.09996722788279",455205,7556044
EM Ditão,108,0,0,104,67,0,279,289,2019,"-22,10844038","-51,43157964","-51.43157963945204, -22.10844038037896",455485,7555107
EM Domingos F. de Medeiros,152,72,19,5,58,1,307,307,2019,"-22,1050689","-51,3892446","-51.38924460397457, -22.10506889832062",459851,7555491
EM Ederle Marangoni Dias,210,5,4,3,24,13,259,328,2019,"-22,10983998","-51,41971103","-51.41971103335685, -22.10983998169054",456710,7554955
EM Edna Carnelós Barbosa,95,0,0,5,8,2,111,155,2019,"-22,13865497","-51,38462796","-51.3846279645877, -22.13865497431422",460336,7551775
EM Eliane T de Araújo,132,2,4,0,9,11,158,192,2019,"-22,07478748","-51,38098596","-51.38098595824087, -22.07478747906466",460694,7558845
EM Eluísa R. Rodrigues,166,5,2,0,31,2,206,226,2019,"-22,11928173","-51,3870863","-51.38708629701948, -22.11928173266724",460077,7553919
EM Emilio Becker,164,13,17,12,59,16,281,331,2019,"-22,12770858","-51,377025","-51.37702499766941, -22.12770857779658",461117,7552989
EM Erika Portella Rodrigues,102,3,3,1,9,5,123,154,2019,"-22,13345791","-51,36547984","-51.36547983814849, -22.13345791005808",462310,7552355
EM Ettore Marangoni,146,27,9,0,11,28,221,282,2019,"-22,05108147","-51,34593889","-51.34593888602856, -22.05108146789168",464304,7561478
EM Eunice Menezes Educadora,108,3,4,1,2,3,123,133,2019,"-22,15015315","-51,37874701","-51.37874701301126, -22.15015314648558",460946,7550504
EM Francisca A. Góes Brandão,131,10,52,0,8,8,209,225,2019,"-22,13354296","-51,39984915","-51.39984915164156, -22.13354295954356",458765,7552337
EM Giseli Dalefi,341,101,36,19,45,102,644,677,2019,"-22,12946427","-51,44598922","-51.44598922040981, -22.12946427152818",454006,7552775
EM Ivo Garrido,114,25,16,6,44,10,215,262,2019,"-22,10222191","-51,43296095","-51.43296095109594, -22.10222191202309",455341,7555794
EM João Bohac,147,6,8,1,7,20,189,243,2019,"-22,14261288","-51,38408509","-51.38408509342323, -22.14261287878046",460393,7551337
EM João Franco de Godoy,250,58,20,2,61,30,421,513,2019,"-22,11324649","-51,39544043","-51.39544042835509, -22.1132464852897",459214,7554585
EM João Sebastião Lisboa,194,22,36,2,26,67,347,347,2019,"-22,12213719","-51,39951685","-51.39951685164191, -22.12213719468566",458796,7553599
EM José Carlos João,210,29,33,9,94,41,416,448,2019,"-22,14243888","-51,39100198","-51.39100198417588, -22.14243887858406",459680,7551355
EM José Soares Marcondes,335,62,23,1,91,16,528,589,2019,"-22,11933127","-51,38298954","-51.38298954369755, -22.11933127012247",460500,7553914
EM Jovita Terin,244,13,15,2,36,36,346,428,2019,"-22,08693107","-51,38393579","-51.38393578993529, -22.08693107237039",460393,7557501
EM Julio Braga,95,0,0,5,24,3,128,158,2019,"-22,0838194","-51,39385336","-51.39385336100548, -22.083819404369105",459369,7557842
EM Juracy Menezes Peralta,178,30,76,2,35,58,379,423,2019,"-22,08627167","-51,39632847","-51.39632847068484, -22.0862716737455",459115,7557570
EM Karina Krasucki,300,15,10,0,48,2,378,477,2019,"-22,15950528","-51,45422221","-51.4542222130108, -22.1595052797793",453167,7549447
EM Krisan Martin,60,0,1,6,12,4,83,174,2019,"-22,12864525","-51,44684507","-51.44684507, -22.12864525",453917,7552866
EM Ludovica L. Rodrigues Pioneira,165,44,37,7,58,35,346,412,2019,"-22,13853535","-51,37437471","-51.37437471, -22.13853535",461394,7551791
EM Maria do Socorro B. Almeida,268,53,20,1,49,60,451,503,2019,"-22,11417447","-51,43143416","-51.43143416, -22.11417447",455502,7554472
EM Maria Edite T. Perrone,58,1,3,0,1,1,66,78,2019,"-22,15396427","-51,38158887","-51.38158887, -22.15396427",460654,7550081
EM Maria Haddad Haidamus,166,0,5,0,5,2,178,177,2019,"-22,11815423","-51,37419753","-51.37419753, -22.11815423",461406,7554047
EM Maria Isabel B. Negrão,233,34,18,10,72,30,397,437,2019,"-22,15900351","-51,45243652","-51.45243652, -22.15900351",453351,7549503
EM Maria Regina Dal Pogetto,125,1,3,1,11,0,143,155,2019,"-22,13362376","-51,42733621","-51.42733621, -22.13362376",455931,7552320
EM Mario Peretti,130,3,1,0,12,0,148,176,2019,"-22,07759997","-51,41393515","-51.41393514566024, -22.077599968343087",457296,7558525
EM Nair Lebrão,152,1,3,1,3,1,161,195,2019,"-22,11241179","-51,4316003","-51.4316003, -22.11241179",455484,7554667
EM Nazarena Zamit,157,1,17,4,12,10,233,297,2019,"-22,13891023","-51,37550388","-51.37550388, -22.13891023",461277,7551749
EM Ocyr Azevedo,131,22,18,36,40,87,334,332,2019,"-22,10965964","-51,41226432","-51.41226432, -22.10965964",457478,7554977
EM Odette Duarte da Costa,290,33,24,0,26,68,447,558,2019,"-22,0768845","-51,36046337","-51.36046337, -22.0768845",462812,7558619
EM Pedro Furquim,213,77,28,19,41,41,419,369,2019,"-22,12320378","-51,37495963","-51.37495963, -22.12320378",461329,7553488
EM Rosana Negrão,177,24,2,27,28,62,320,330,2019,"-22,08331327","-51,43151345","-51.43151345, -22.08331327",455484,7557888
EM Rosy Odethy R. Brandão,210,12,23,1,48,7,301,333,2019,"-22,09506859","-51,40325912","-51.40325912, -22.09506859",458402,7556595
EM Rot. Antônio Zacarias - Rotariano,152,8,89,1,6,12,268,281,2019,"-22,12341692","-51,42356793","-51.423567928459306, -22.123416918139267",456316,7553451
EM Rui Carlos V. Berbet,220,30,31,9,104,68,462,544,2019,"-22,08600556","-51,38078723","-51.38078723, -22.08600556",460718,7557604
EM Sylvia M.P. Faustino,101,1,2,11,19,8,145,189,2019,"-22,07027293","-51,38217668","-51.38217668427893, -22.07027292657825",460570,7559345
EM Valter Marques,107,0,0,1,6,0,116,156,2019,"-22,10436741","-51,38852207","-51.38852207264139, -22.10436741481833",459925,7555569
EM Vânia M.V. Aquotti,117,1,2,4,3,0,127,153,2019,"-22,11010054","-51,43699775","-51.43699775358699, -22.11010054203948",454927,7554921
EM Vilma Álvares Gonçalves,167,40,41,1,31,55,335,335,2019,"-22,1485129","-51,37363456","-51.37363456, -22.1485129",461473,7550687
EM Vilma G. Martinez (Cedral),201,4,12,6,38,18,279,357,2019,"-22,1193264","-51,42795136","-51.42795136, -22.1193264",455863,7553903
EM Vovó Silvéria,136,3,0,2,14,8,164,190,2019,"-22,08917001","-51,41278468","-51.41278468, -22.08917001",457418,7557245
ETEC A. Arruda Mello,38,43,9,0,3,2,95,100,2019,"-22,12225564","-51,38942346","-51.38942345544129, -22.12225563876316",459837,7553589
Casa São José,50,0,2,2,6,15,75,209,2022,"-22,08889558","-51,38861732","-51.38861731636817, -22.08889557618601",459911,7557282
Creche Anita Ferreira B. de Oliveira,79,0,0,3,6,2,93,134,2022,"-22,12931948","-51,39093791","-51.3909379079446, -22.1293194767267",459683,7552807
Creche Clotilde Veiga de Barros,153,2,8,2,15,4,184,184,2022,"-22,10980342","-51,39429739","-51.3942973891786, -22.1098034221683",459331,7554966
Creche Meimei,89,0,0,1,1,0,93,109,2022,"-22,12970947","-51,41285799","-51.4128579891779, -22.129709471891232",457423,7552758
Creche UNESP,17,0,0,0,0,0,18,20,2022,"-22,11886076","-51,4092135","-51.409213504521, -22.1188607558322",457795,7553959
Creche Walter Figueiredo,131,1,2,1,2,0,137,192,2022,"-22,10895326","-51,38626791","-51.3862679124659, -22.1089532609603",460159,7555062
EE Anna Antônio,208,30,18,16,95,41,408,523,2022,"-22,0910867","-51,38581814","-51.3858181413021, -22.0910867030776",460200,7557040
EE Antônio Fioravante de Menezes,40,8,4,0,13,1,66,254,2022,"-22,12970947","-51,3827848","-51.3827848045204, -22.1297094718912",460524,7552766
EE Arlindo Fantini,99,22,11,22,40,10,204,492,2022,"-22,10912648","-51,41076015","-51.41076014685, -22.1091264813455",457633,7555037
EE Celestina M. Teixeira,100,17,5,0,13,12,147,201,2022,"-21,95928647","-51,30795348","-51.30795347820825, -21.95928646996887",468203,7571647
EE Clotilde Veiga de Barros,101,16,5,6,46,11,185,495,2022,"-22,14705769","-51,38574058","-51.3857405756843, -22.1470576858688",460224,7550845
EE Fátima Ap. Costa Falcon,35,0,4,3,16,2,60,240,2022,"-22,11761457","-51,43414793","-51.43414793335647, -22.11761457194364",455223,7554090
EE Fernando Costa,87,8,6,1,4,14,120,872,2022,"-22,12019229","-51,3873924","-51.3873923952734, -22.1201922926299",460046,7553818
EE Florivaldo Leal,18,3,3,0,3,3,30,292,2022,"-22,12919703","-51,39326659","-51.3932665939704, -22.1291970251408",459443,7552820
EE Francisco Pessoa,46,6,5,4,10,3,74,416,2022,"-22,15301289","-51,45192393","-51.4519239278068, -22.1530128905198",453401,7550167
EE Hugo Miele,113,10,4,4,32,26,189,820,2022,"-22,11208739","-51,39147965","-51.39147965164236, -22.11208738847396",459622,7554714
EE João Alfredo da Silva,14,10,1,2,12,0,39,50,2022,"-21,91375764","-51,30116726","-51.30116725719787, -21.91375763913237",468894,7576688
EE João Carlos Padilha de Siqueira,73,10,11,1,26,14,135,202,2022,"-22,14382366","-51,37514423","-51.37514423216778, -22.14382365501699",461316,7551205
EE Joel Antônio de Lima Genésio,172,19,11,0,32,15,249,390,2022,"-22,11444383","-51,42615186","-51.42615185849335, -22.11444383299049",456047,7554444
EE José Foz,194,26,38,18,50,17,343,513,2022,"-22,12208117","-51,37673732","-51.37673732041002, -22.12208117264124",461146,7553612
EE Maria Luiza Bastos,65,13,12,1,23,0,114,424,2022,"-22,13214161","-51,40524606","-51.40524605903943, -22.13214160526277",458208,7552491
EE Maria Luiza Formozinho Ribeiro,153,21,8,6,31,4,223,633,2022,"-22,12205514","-51,39966794","-51.39966793575265, -22.12205514355007",458781,7553609
EE Marieta Ferraz de Assunção,20,1,4,2,13,3,43,407,2022,"-22,13826568","-51,38899915","-51.38899915479362, -22.13826568169748",459886,7551817
EE Marrey Junior,0,0,0,0,0,0,0,266,2022,"-22,10681416","-51,39622964","-51.39622963760267, -22.10681415866147",459131,7555296
EE Miguel Omar Bareto,52,5,18,3,19,3,100,572,2022,"-22,13297741","-51,437803","-51.43780300136813, -22.13297740614673",454851,7552389
EE Mirella P. Desidere,83,21,0,6,12,3,125,916,2022,"-22,1103463","-51,4287836","-51.42878359712329, -22.11034630426748",455774,7554896
EE Monsenhor Sarrion,196,28,12,12,49,7,304,647,2022,"-22,13369718","-51,39093009","-51.39093008972468, -22.13369717779597",459685,7552322
EE Oracy Matricardi (Ana Jacinta),116,10,10,4,39,6,185,278,2022,"-22,15246176","-51,45058365","-51.45058365109404, -22.15246176333975",453539,7550228
EE Pedro Tofano –Montalvão,27,33,10,10,50,19,149,263,2022,"-22,0511197","-51,34701711","-51.34701710876899, -22.0511197037584",464193,7561474
EE Placídio Braga Nogueira,60,4,11,8,5,2,90,356,2022,"-22,13864919","-51,37491486","-51.37491485903934, -22.13864918512999",461338,7551778
EE Tannel Abud,33,6,0,2,2,2,45,333,2022,"-22,11460143","-51,37609601","-51.37609600506788, -22.11460142859055",461210,7554440
EE Teófilo G. Santa Cruz (H.Salv),0,0,0,0,0,0,0,403,2022,"-22,0839433","-51,39647036","-51.3964703627401, -22.08394330419608",459099,7557828
EM Alayde T. F. Motta,102,12,9,8,32,62,225,317,2022,"-22,14473417","-51,38256092","-51.38256091616356, -22.14473416973062",460551,7551103
EM Alberto Bernardes Sotelo,87,9,5,0,13,15,129,164,2022,"-22,13978827","-51,35372317","-51.35372316886564, -22.13978827470154",463524,7551657
EM Antonio Moreira Lima,165,4,2,2,64,40,277,380,2022,"-22,16016961","-51,45548561","-51.45548561137047, -22.16016960807991",453037,7549373
EM Aparecida Alves,59,4,3,6,14,8,96,162,2022,"-22,14361969","-51,39497096","-51.39497095849231, -22.14361969237946",459271,7551223
EM Aziz Felipe,162,7,16,5,14,6,210,311,2022,"-22,13422737","-51,3772764","-51.3772763958197, -22.13422737453585",461093,7552267
EM Benedita de Pádua Martins (Vó Dita),140,0,1,3,16,4,167,189,2022,"-22,09211286","-51,41869032","-51.41869032226062, -22.09211286296959",456810,7556918
EM Carla Simone da Silva Alves,78,0,0,5,5,3,97,138,2022,"-22,15147718","-51,45831302","-51.45831302410803, -22.15147718426324",452742,7550335
EM Carlo Ceriani,122,2,14,0,15,11,164,262,2022,"-22,09104298","-51,40282719","-51.40282718863248, -22.09104297945366",458446,7557040
EM Carlos A. A. Campos (Eneida),36,5,0,4,10,1,56,71,2022,"-21,91682868","-51,3019639","-51.30196390452799, -21.91682867862754",468812,7576348
EM Carlos Braga (Ameliópolis),19,6,0,0,4,0,29,36,2022,"-21,80226704","-51,29735029","-51.29735028788697, -21.80226703609472",469264,7589029
EM Carlos Castilho Cabral,196,60,86,1,8,12,363,383,2022,"-22,09901054","-51,39297155","-51.39297155109593, -22.09901054208509",459465,7556161
EM Carmem Pereira Delfim,75,7,15,1,41,40,179,289,2022,"-22,13491679","-51,38146344","-51.38146344184742, -22.13491678924642",460662,7552190
EM Catarina Martins Artero,145,26,23,6,21,35,256,350,2022,"-22,1101911","-51,38068432","-51.38068432225982, -22.11019110237303",460735,7554927
EM Dirce Mascarenhas,65,1,0,0,10,3,80,169,2022,"-22,09996723","-51,43427062","-51.43427062226029, -22.09996722788279",455205,7556044
EM Ditão,233,17,8,5,37,18,318,357,2022,"-22,10844038","-51,43157964","-51.43157963945204, -22.10844038037896",455485,7555107
EM Domingos F. de Medeiros,95,8,32,3,17,49,204,316,2022,"-22,1050689","-51,3892446","-51.38924460397457, -22.10506889832062",459851,7555491
EM Ederle Marangoni Dias,255,2,0,2,38,21,318,371,2022,"-22,10983998","-51,41971103","-51.41971103335685, -22.10983998169054",456710,7554955
EM Edna Carnelós Barbosa,70,0,0,8,3,2,83,98,2022,"-22,13865497","-51,38462796","-51.3846279645877, -22.13865497431422",460336,7551775
EM Eliane T de Araújo,91,0,5,1,15,18,132,188,2022,"-22,07478748","-51,38098596","-51.38098595824087, -22.07478747906466",460694,7558845
EM Eluísa R. Rodrigues,92,3,8,3,22,19,147,180,2022,"-22,11928173","-51,3870863","-51.38708629701948, -22.11928173266724",460077,7553919
EM Emilio Becker,135,13,30,6,31,79,294,358,2022,"-22,12770858","-51,377025","-51.37702499766941, -22.12770857779658",461117,7552989
EM Erika Portella Rodrigues,94,1,0,1,11,2,109,151,2022,"-22,13345791","-51,36547984","-51.36547983814849, -22.13345791005808",462310,7552355
EM Ettore Marangoni,73,8,7,5,33,18,144,277,2022,"-22,05108147","-51,34593889","-51.34593888602856, -22.05108146789168",464304,7561478
EM Eunice Menezes Educadora,44,0,0,0,2,6,52,116,2022,"-22,15015315","-51,37874701","-51.37874701301126, -22.15015314648558",460946,7550504
EM Francisca A. Góes Brandão,113,10,4,4,34,28,193,308,2022,"-22,13354296","-51,39984915","-51.39984915164156, -22.13354295954356",458765,7552337
EM Giseli Dalefi,312,20,22,11,68,80,513,697,2022,"-22,12946427","-51,44598922","-51.44598922040981, -22.12946427152818",454006,7552775
EM Ivo Garrido,148,9,3,7,38,28,233,284,2022,"-22,10222191","-51,43296095","-51.43296095109594, -22.10222191202309",455341,7555794
EM Ivan Jr,185,7,28,0,4,4,228,231,2022,"-22,08585398","-51,37597281","-51.37597280518723, -22.08585398096927",461214,7557622
EM João Bohac,76,2,1,4,17,21,121,179,2022,"-22,14261288","-51,38408509","-51.38408509342323, -22.14261287878046",460393,7551337
EM João Franco de Godoy,137,14,8,2,29,30,220,416,2022,"-22,11324649","-51,39544043","-51.39544042835509, -22.1132464852897",459214,7554585
EM João Sebastião Lisboa,109,11,4,4,31,15,174,259,2022,"-22,12213719","-51,39951685","-51.39951685164191, -22.12213719468566",458796,7553599
EM José Carlos João,167,12,9,2,40,44,274,364,2022,"-22,14243888","-51,39100198","-51.39100198417588, -22.14243887858406",459680,7551355
EM José Soares Marcondes,193,29,20,5,82,59,388,452,2022,"-22,11933127","-51,38298954","-51.38298954369755, -22.11933127012247",460500,7553914
EM Jovita Terin,237,23,25,5,6,1,297,383,2022,"-22,08693107","-51,38393579","-51.38393578993529, -22.08693107237039",460393,7557501
EM Julio Braga,69,3,3,4,13,13,106,170,2022,"-22,0838194","-51,39385336","-51.39385336100548, -22.083819404369105",459369,7557842
EM Juracy Menezes Peralta,125,16,5,3,34,57,240,436,2022,"-22,08627167","-51,39632847","-51.39632847068484, -22.0862716737455",459115,7557570
EM Karina Krasucki,176,3,8,8,35,42,274,444,2022,"-22,15950528","-51,45422221","-51.4542222130108, -22.1595052797793",453167,7549447
EM Krisan Martin,106,0,1,1,2,2,112,144,2022,"-22,12864525","-51,44684507","-51.44684507, -22.12864525",453917,7552866
EM Ludovica L. Rodrigues Pioneira,83,29,51,39,30,5,237,406,2022,"-22,13853535","-51,37437471","-51.37437471, -22.13853535",461394,7551791
EM Maria do Socorro B. Almeida,220,24,15,10,68,87,424,512,2022,"-22,11417447","-51,43143416","-51.43143416, -22.11417447",455502,7554472
EM Maria Edite T. Perrone,31,0,0,0,6,2,41,45,2022,"-22,15396427","-51,38158887","-51.38158887, -22.15396427",460654,7550081
EM Maria Haddad Haidamus,106,0,0,0,8,0,114,117,2022,"-22,11815423","-51,37419753","-51.37419753, -22.11815423",461406,7554047
EM Maria Isabel B. Negrão,219,5,7,7,43,62,343,434,2022,"-22,15900351","-51,45243652","-51.45243652, -22.15900351",453351,7549503
EM Maria Regina Dal Pogetto,58,1,0,3,5,1,68,101,2022,"-22,13362376","-51,42733621","-51.42733621, -22.13362376",455931,7552320
EM Mario Peretti,95,4,0,1,5,8,114,191,2022,"-22,07759997","-51,41393515","-51.41393514566024, -22.077599968343087",457296,7558525
EM Nair Lebrão,67,0,1,0,2,1,71,125,2022,"-22,11241179","-51,4316003","-51.4316003, -22.11241179",455484,7554667
EM Nazarena Zamit,141,6,16,1,19,0,195,290,2022,"-22,13891023","-51,37550388","-51.37550388, -22.13891023",461277,7551749
EM Ocyr Azevedo,97,14,9,34,22,48,224,277,2022,"-22,10965964","-51,41226432","-51.41226432, -22.10965964",457478,7554977
EM Odette Duarte da Costa,277,27,38,7,8,35,398,523,2022,"-22,0768845","-51,36046337","-51.36046337, -22.0768845",462812,7558619
EM Pedro Furquim,121,58,106,49,29,25,388,382,2022,"-22,12320378","-51,37495963","-51.37495963, -22.12320378",461329,7553488
EM Rosana Negrão,187,26,2,2,22,38,277,365,2022,"-22,08331327","-51,43151345","-51.43151345, -22.08331327",455484,7557888
EM Rosy Odethy R. Brandão,171,7,0,1,53,23,255,328,2022,"-22,09506859","-51,40325912","-51.40325912, -22.09506859",458402,7556595
EM Rot. Antônio Zacarias - Rotariano,83,13,14,7,15,43,175,269,2022,"-22,12341692","-51,42356793","-51.423567928459306, -22.123416918139267",456316,7553451
EM Rui Carlos V. Berbet,152,13,8,12,80,93,358,521,2022,"-22,08600556","-51,38078723","-51.38078723, -22.08600556",460718,7557604
EM Sylvia M.P. Faustino,36,0,0,4,1,2,43,166,2022,"-22,07027293","-51,38217668","-51.38217668427893, -22.07027292657825",460570,7559345
EM Vânia M.V. Aquotti,47,0,0,0,4,2,53,135,2022,"-22,11010054","-51,43699775","-51.43699775358699, -22.11010054203948",454927,7554921
EM Vilma Álvares Gonçalves,155,23,9,12,42,56,297,393,2022,"-22,1485129","-51,37363456","-51.37363456, -22.1485129",461473,7550687
EM Vilma G. Martinez (Cedral),36,124,2,1,17,24,204,289,2022,"-22,1193264","-51,42795136","-51.42795136, -22.1193264",455863,7553903
EM Vovó Silvéria,120,5,6,0,0,4,137,180,2022,"-22,08917001","-51,41278468","-51.41278468, -22.08917001",457418,7557245
Casa São José,54,0,1,3,2,8,68,68,2023,"-22,08889558","-51,38861732","-51.38861731636817, -22.08889557618601",459911,7557282
Creche Anita Ferreira B. de Oliveira,102,0,0,2,5,1,110,123,2023,"-22,12931948","-51,39093791","-51.3909379079446, -22.1293194767267",459683,7552807
Creche Clotilde Veiga de Barros,122,1,0,0,16,2,141,196,2023,"-22,10980342","-51,39429739","-51.3942973891786, -22.1098034221683",459331,7554966
Creche Meimei,111,0,0,0,2,1,116,125,2023,"-22,12970947","-51,41285799","-51.4128579891779, -22.129709471891232",457423,7552758
Creche UNESP,17,0,0,0,0,0,18,20,2023,"-22,11886076","-51,4092135","-51.409213504521, -22.1188607558322",457795,7553959
Creche Walter Figueiredo,195,2,1,1,8,2,211,253,2023,"-22,10895326","-51,38626791","-51.3862679124659, -22.1089532609603",460159,7555062
EE Anna Antônio,198,28,34,4,42,30,336,611,2023,"-22,0910867","-51,38581814","-51.3858181413021, -22.0910867030776",460200,7557040
EE Antônio Fioravante de Menezes,77,19,7,4,28,7,142,268,2023,"-22,12970947","-51,3827848","-51.3827848045204, -22.1297094718912",460524,7552766
EE Arlindo Fantini,137,45,18,50,82,32,364,459,2023,"-22,10912648","-51,41076015","-51.41076014685, -22.1091264813455",457633,7555037
EE Celestina M. Teixeira,66,31,31,1,3,7,139,179,2023,"-21,95928647","-51,30795348","-51.30795347820825, -21.95928646996887",468203,7571647
EE Clotilde Veiga de Barros,212,35,19,3,52,13,334,506,2023,"-22,14705769","-51,38574058","-51.3857405756843, -22.1470576858688",460224,7550845
EE Fátima Ap. Costa Falcon,100,31,29,4,24,3,191,260,2023,"-22,11761457","-51,43414793","-51.43414793335647, -22.11761457194364",455223,7554090
EE Fernando Costa,210,46,38,8,41,17,360,746,2023,"-22,12019229","-51,3873924","-51.3873923952734, -22.1201922926299",460046,7553818
EE Florivaldo Leal,116,18,18,0,17,2,171,275,2023,"-22,12919703","-51,39326659","-51.3932665939704, -22.1291970251408",459443,7552820
EE Francisco Pessoa,175,35,29,1,20,20,280,425,2023,"-22,15301289","-51,45192393","-51.4519239278068, -22.1530128905198",453401,7550167
EE Hugo Miele,300,54,42,10,56,19,481,849,2023,"-22,11208739","-51,39147965","-51.39147965164236, -22.11208738847396",459622,7554714
EE João Alfredo da Silva,6,13,2,2,3,1,27,33,2023,"-21,91375764","-51,30116726","-51.30116725719787, -21.91375763913237",468894,7576688
EE João Carlos Padilha de Siqueira,118,17,15,3,25,13,191,264,2023,"-22,14382366","-51,37514423","-51.37514423216778, -22.14382365501699",461316,7551205
EE Joel Antônio de Lima Genésio,214,21,17,2,37,16,307,385,2023,"-22,11444383","-51,42615186","-51.42615185849335, -22.11444383299049",456047,7554444
EE José Foz,178,23,18,5,47,21,292,526,2023,"-22,12208117","-51,37673732","-51.37673732041002, -22.12208117264124",461146,7553612
EE Maria Luiza Bastos,198,18,47,2,47,8,320,472,2023,"-22,13214161","-51,40524606","-51.40524605903943, -22.13214160526277",458208,7552491
EE Maria Luiza Formozinho Ribeiro,401,80,34,6,35,6,562,679,2023,"-22,12205514","-51,39966794","-51.39966793575265, -22.12205514355007",458781,7553609
EE Marieta Ferraz de Assunção,134,15,12,2,41,13,217,346,2023,"-22,13826568","-51,38899915","-51.38899915479362, -22.13826568169748",459886,7551817
EE Marrey Junior,140,40,20,5,33,8,246,269,2023,"-22,10681416","-51,39622964","-51.39622963760267, -22.10681415866147",459131,7555296
EE Miguel Omar Bareto,263,45,11,4,50,17,390,620,2023,"-22,13297741","-51,437803","-51.43780300136813, -22.13297740614673",454851,7552389
EE Mirella P. Desidere,573,105,1,10,104,21,814,924,2023,"-22,1103463","-51,4287836","-51.42878359712329, -22.11034630426748",455774,7554896
EE Monsenhor Sarrion,314,87,45,4,42,14,506,734,2023,"-22,13369718","-51,39093009","-51.39093008972468, -22.13369717779597",459685,7552322
EE Oracy Matricardi (Ana Jacinta),174,14,8,7,21,13,237,313,2023,"-22,15246176","-51,45058365","-51.45058365109404, -22.15246176333975",453539,7550228
EE Pedro Tofano –Montalvão,37,21,17,28,29,22,154,225,2023,"-22,0511197","-51,34701711","-51.34701710876899, -22.0511197037584",464193,7561474
EE Placídio Braga Nogueira,131,40,39,11,42,27,290,365,2023,"-22,13864919","-51,37491486","-51.37491485903934, -22.13864918512999",461338,7551778
EE Tannel Abud,103,9,3,0,39,8,162,351,2023,"-22,11460143","-51,37609601","-51.37609600506788, -22.11460142859055",461210,7554440
EE Teófilo G. Santa Cruz (H.Salv),134,48,10,47,11,19,269,362,2023,"-22,0839433","-51,39647036","-51.3964703627401, -22.08394330419608",459099,7557828
EM Alayde T. F. Motta,135,14,16,8,41,56,270,312,2023,"-22,14473417","-51,38256092","-51.38256091616356, -22.14473416973062",460551,7551103
EM Alberto Bernardes Sotelo,105,3,18,1,0,12,139,161,2023,"-22,13978827","-51,35372317","-51.35372316886564, -22.13978827470154",463524,7551657
EM Antonio Moreira Lima,190,7,7,3,57,67,331,386,2023,"-22,16016961","-51,45548561","-51.45548561137047, -22.16016960807991",453037,7549373
EM Aparecida Alves,111,0,5,1,23,4,150,189,2023,"-22,14361969","-51,39497096","-51.39497095849231, -22.14361969237946",459271,7551223
EM Antônio Zacharias,99,17,2,1,47,42,208,244,2023,"-22,12341692","-51,42365376","-51.423653759150106, -22.123416918139267",456307,7553451
EM Aziz Felipe,210,17,7,2,70,46,358,379,2023,"-22,13422737","-51,3772764","-51.3772763958197, -22.13422737453585",461093,7552267
EM Benedita de Pádua Martins (Vó Dita),172,0,2,0,14,4,193,230,2023,"-22,09211286","-51,41869032","-51.41869032226062, -22.09211286296959",456810,7556918
EM Carla Simone da Silva Alves,124,0,0,0,5,0,129,149,2023,"-22,15147718","-51,45831302","-51.45831302410803, -22.15147718426324",452742,7550335
EM Carlo Ceriani,186,7,9,5,10,23,248,301,2023,"-22,09104298","-51,40282719","-51.40282718863248, -22.09104297945366",458446,7557040
EM Carlos A. A. Campos (Eneida),39,10,3,3,2,3,60,67,2023,"-21,91682868","-51,3019639","-51.30196390452799, -21.91682867862754",468812,7576348
EM Carlos Braga (Ameliópolis),15,3,1,1,4,0,24,26,2023,"-21,80226704","-51,29735029","-51.29735028788697, -21.80226703609472",469264,7589029
EM Carlos Castilho Cabral,185,23,10,1,29,67,315,379,2023,"-22,09901054","-51,39297155","-51.39297155109593, -22.09901054208509",459465,7556161
EM Carmem Pereira Delfim,121,23,12,1,61,60,278,315,2023,"-22,13491679","-51,38146344","-51.38146344184742, -22.13491678924642",460662,7552190
EM Catarina Martins Artero,189,18,39,4,45,30,325,416,2023,"-22,1101911","-51,38068432","-51.38068432225982, -22.11019110237303",460735,7554927
EM Dirce Mascarenhas,82,0,0,0,7,0,89,146,2023,"-22,09996723","-51,43427062","-51.43427062226029, -22.09996722788279",455205,7556044
EM Ditão,204,5,9,0,41,26,285,361,2023,"-22,10844038","-51,43157964","-51.43157963945204, -22.10844038037896",455485,7555107
EM Domingos F. de Medeiros,286,5,9,0,48,26,374,507,2023,"-22,1050689","-51,3892446","-51.38924460397457, -22.10506889832062",459851,7555491
EM Ederle Marangoni Dias,207,2,1,2,26,10,248,388,2023,"-22,10983998","-51,41971103","-51.41971103335685, -22.10983998169054",456710,7554955
EM Edna Carnelós Barbosa,493,7,10,2,74,36,622,895,2023,"-22,13865497","-51,38462796","-51.3846279645877, -22.13865497431422",460336,7551775
EM Eliane T de Araújo,99,1,1,0,9,13,124,156,2023,"-22,07478748","-51,38098596","-51.38098595824087, -22.07478747906466",460694,7558845
EM Eluísa R. Rodrigues,102,2,3,2,16,16,141,173,2023,"-22,11928173","-51,3870863","-51.38708629701948, -22.11928173266724",460077,7553919
EM Emilio Becker,227,16,12,1,59,53,368,389,2023,"-22,12770858","-51,377025","-51.37702499766941, -22.12770857779658",461117,7552989
EM Erika Portella Rodrigues,98,0,2,0,6,0,106,151,2023,"-22,13345791","-51,36547984","-51.36547983814849, -22.13345791005808",462310,7552355
EM Ettore Marangoni,114,29,24,11,22,48,251,298,2023,"-22,05108147","-51,34593889","-51.34593888602856, -22.05108146789168",464304,7561478
EM Eunice Menezes Educadora,79,2,7,2,5,2,98,123,2023,"-22,15015315","-51,37874701","-51.37874701301126, -22.15015314648558",460946,7550504
EM Francisca A. Góes Brandão,124,11,9,1,33,30,208,277,2023,"-22,13354296","-51,39984915","-51.39984915164156, -22.13354295954356",458765,7552337
EM Giseli Dalefi,203,13,16,3,38,32,306,669,2023,"-22,12946427","-51,44598922","-51.44598922040981, -22.12946427152818",454006,7552775
EM Ivo Garrido,174,12,21,0,49,12,268,329,2023,"-22,10222191","-51,43296095","-51.43296095109594, -22.10222191202309",455341,7555794
EM Ivan Jr,165,0,0,2,26,5,198,200,2023,"-22,08585398","-51,37597281","-51.37597280518723, -22.08585398096927",461214,7557622
EM João Bohac,77,2,2,1,19,13,114,197,2023,"-22,14261288","-51,38408509","-51.38408509342323, -22.14261287878046",460393,7551337
EM João Franco de Godoy,250,18,10,1,48,40,367,454,2023,"-22,11324649","-51,39544043","-51.39544042835509, -22.1132464852897",459214,7554585
EM João Sebastião Lisboa,168,16,11,1,25,35,256,329,2023,"-22,12213719","-51,39951685","-51.39951685164191, -22.12213719468566",458796,7553599
EM José Carlos João,202,19,10,4,52,47,334,396,2023,"-22,14243888","-51,39100198","-51.39100198417588, -22.14243887858406",459680,7551355
EM José Soares Marcondes,213,21,23,8,43,55,363,411,2023,"-22,11933127","-51,38298954","-51.38298954369755, -22.11933127012247",460500,7553914
EM Jovita Terin,224,4,11,12,19,22,292,443,2023,"-22,08693107","-51,38393579","-51.38393578993529, -22.08693107237039",460393,7557501
EM Julio Braga,105,7,2,1,18,6,142,171,2023,"-22,0838194","-51,39385336","-51.39385336100548, -22.083819404369105",459369,7557842
EM Juracy Menezes Peralta,180,29,20,7,64,55,355,397,2023,"-22,08627167","-51,39632847","-51.39632847068484, -22.0862716737455",459115,7557570
EM Karina Krasucki,277,0,6,2,26,22,333,473,2023,"-22,15950528","-51,45422221","-51.4542222130108, -22.1595052797793",453167,7549447
EM Krisan Martin,168,0,4,0,4,0,176,167,2023,"-22,12864525","-51,44684507","-51.44684507, -22.12864525",453917,7552866
EM Ludovica L. Rodrigues Pioneira,72,9,26,13,25,34,179,408,2023,"-22,13853535","-51,37437471","-51.37437471, -22.13853535",461394,7551791
EM Maria do Socorro B. Almeida,229,21,36,3,73,56,418,511,2023,"-22,11417447","-51,43143416","-51.43143416, -22.11417447",455502,7554472
EM Maria Edite T. Perrone,45,3,2,10,2,6,69,78,2023,"-22,15396427","-51,38158887","-51.38158887, -22.15396427",460654,7550081
EM Maria Haddad Haidamus,105,15,0,0,5,0,125,132,2023,"-22,11815423","-51,37419753","-51.37419753, -22.11815423",461406,7554047
EM Maria Isabel B. Negrão,246,21,8,1,66,51,393,495,2023,"-22,15900351","-51,45243652","-51.45243652, -22.15900351",453351,7549503
EM Maria Regina Dal Pogetto,81,0,0,1,5,0,100,106,2023,"-22,13362376","-51,42733621","-51.42733621, -22.13362376",455931,7552320
EM Mario Peretti,102,0,8,5,10,12,137,174,2023,"-22,07759997","-51,41393515","-51.41393514566024, -22.077599968343087",457296,7558525
EM Nair Lebrão,84,0,0,0,3,0,87,132,2023,"-22,11241179","-51,4316003","-51.4316003, -22.11241179",455484,7554667
EM Nazarena Zamit,90,1,8,7,8,14,128,319,2023,"-22,13891023","-51,37550388","-51.37550388, -22.13891023",461277,7551749
EM Ocyr Azevedo,103,19,15,29,34,54,254,273,2023,"-22,10965964","-51,41226432","-51.41226432, -22.10965964",457478,7554977
EM Odette Duarte da Costa,206,17,30,9,36,115,413,528,2023,"-22,0768845","-51,36046337","-51.36046337, -22.0768845",462812,7558619
EM Pedro Furquim,151,58,106,49,29,25,418,427,2023,"-22,12320378","-51,37495963","-51.37495963, -22.12320378",461329,7553488
EM Rosana Negrão,254,22,2,0,26,32,336,336,2023,"-22,08331327","-51,43151345","-51.43151345, -22.08331327",455484,7557888
EM Rosy Odethy R. Brandão,210,14,25,2,53,31,335,415,2023,"-22,09506859","-51,40325912","-51.40325912, -22.09506859",458402,7556595
EM Rot. Antônio Zacarias - Rotariano,99,17,2,1,47,42,208,244,2023,"-22,12341692","-51,42356793","-51.423567928459306, -22.123416918139267",456316,7553451
EM Rui Carlos V. Berbet,187,14,13,1,98,54,367,529,2023,"-22,08600556","-51,38078723","-51.38078723, -22.08600556",460718,7557604
EM Sylvia M.P. Faustino,60,0,4,4,2,5,75,128,2023,"-22,07027293","-51,38217668","-51.38217668427893, -22.07027292657825",460570,7559345
EM Vânia M.V. Aquotti,84,0,0,4,4,1,100,135,2023,"-22,11010054","-51,43699775","-51.43699775358699, -22.11010054203948",454927,7554921
EM Vilma Álvares Gonçalves,138,29,21,15,39,69,311,371,2023,"-22,1485129","-51,37363456","-51.37363456, -22.1485129",461473,7550687
EM Vilma G. Martinez (Cedral),200,1,5,4,26,11,247,360,2023,"-22,1193264","-51,42795136","-51.42795136, -22.1193264",455863,7553903
EM Vovó Silvéria,126,1,1,2,13,4,153,178,2023,"-22,08917001","-51,41278468","-51.41278468, -22.08917001",457418,7557245
Casa da criança,57,0,1,1,5,9,73,73,2024,"-22,08889558","-51,38861732","-51.38861731636817, -22.08889557618601",459911,7557282
Creche Anita Ferreira B. de Oliveira,79,2,3,0,3,2,93,117,2024,"-22,12931948","-51,39093791","-51.3909379079446, -22.1293194767267",459683,7552807
Creche Clotilde Veiga de Barros,59,63,0,0,9,0,131,185,2024,"-22,10980342","-51,39429739","-51.3942973891786, -22.1098034221683",459331,7554966
Creche Meimei,75,0,1,2,3,1,82,150,2024,"-22,12970947","-51,41285799","-51.4128579891779, -22.129709471891232",457423,7552758
Creche UNESP,14,0,0,0,0,0,14,14,2024,"-22,11886076","-51,4092135","-51.409213504521, -22.1188607558322",457795,7553959
Creche Walter Figueiredo,158,2,2,0,5,4,176,232,2024,"-22,10895326","-51,38626791","-51.3862679124659, -22.1089532609603",460159,7555062
EE Anna Antônio,175,28,37,17,73,31,361,609,2024,"-22,0910867","-51,38581814","-51.3858181413021, -22.0910867030776",460200,7557040
EE Antônio Fioravante de Menezes,108,18,2,2,21,7,158,242,2024,"-22,12970947","-51,3827848","-51.3827848045204, -22.1297094718912",460524,7552766
EE Arlindo Fantini,180,35,21,33,76,32,377,466,2024,"-22,10912648","-51,41076015","-51.41076014685, -22.1091264813455",457633,7555037
EE Celestina M. Teixeira,77,32,6,0,2,9,126,164,2024,"-21,95928647","-51,30795348","-51.30795347820825, -21.95928646996887",468203,7571647
EE Clotilde Veiga de Barros,200,21,26,3,53,15,318,469,2024,"-22,14705769","-51,38574058","-51.3857405756843, -22.1470576858688",460224,7550845
EE Fátima Ap. Costa Falcon,93,20,8,5,19,6,151,274,2024,"-22,11761457","-51,43414793","-51.43414793335647, -22.11761457194364",455223,7554090
EE Fernando Costa,306,32,19,2,35,33,427,664,2024,"-22,12019229","-51,3873924","-51.3873923952734, -22.1201922926299",460046,7553818
EE Florivaldo Leal,115,9,2,1,28,3,158,244,2024,"-22,12919703","-51,39326659","-51.3932665939704, -22.1291970251408",459443,7552820
EE Francisco Pessoa,173,21,8,5,54,19,280,457,2024,"-22,15301289","-51,45192393","-51.4519239278068, -22.1530128905198",453401,7550167
EE Hugo Miele,287,56,25,12,83,28,491,858,2024,"-22,11208739","-51,39147965","-51.39147965164236, -22.11208738847396",459622,7554714
EE João Alfredo da Silva,23,2,1,0,1,2,29,29,2024,"-21,91375764","-51,30116726","-51.30116725719787, -21.91375763913237",468894,7576688
EE João Carlos Padilha de Siqueira,96,15,20,5,16,9,161,295,2024,"-22,14382366","-51,37514423","-51.37514423216778, -22.14382365501699",461316,7551205
EE Joel Antônio de Lima Genésio,138,29,20,13,44,13,257,477,2024,"-22,11444383","-51,42615186","-51.42615185849335, -22.11444383299049",456047,7554444
EE José Foz,143,23,29,13,42,17,267,510,2024,"-22,12208117","-51,37673732","-51.37673732041002, -22.12208117264124",461146,7553612
EE Maria Luiza Bastos,168,33,22,6,37,12,278,414,2024,"-22,13214161","-51,40524606","-51.40524605903943, -22.13214160526277",458208,7552491
EE Maria Luiza Formozinho Ribeiro,422,49,11,7,44,1,534,680,2024,"-22,12205514","-51,39966794","-51.39966793575265, -22.12205514355007",458781,7553609
EE Marieta Ferraz de Assunção,111,13,2,0,51,8,185,292,2024,"-22,13826568","-51,38899915","-51.38899915479362, -22.13826568169748",459886,7551817
EE Marrey Junior,142,50,6,14,26,14,252,278,2024,"-22,10681416","-51,39622964","-51.39622963760267, -22.10681415866147",459131,7555296
EE Miguel Omar Bareto,217,56,34,10,53,18,388,603,2024,"-22,13297741","-51,437803","-51.43780300136813, -22.13297740614673",454851,7552389
EE Mirella P. Desidere,0,0,0,0,0,0,0,914,2024,"-22,1103463","-51,4287836","-51.42878359712329, -22.11034630426748",455774,7554896
EE Monsenhor Sarrion,320,86,45,23,46,13,533,743,2024,"-22,13369718","-51,39093009","-51.39093008972468, -22.13369717779597",459685,7552322
EE Oracy Matricardi (Ana Jacinta),188,25,12,2,31,11,269,320,2024,"-22,15246176","-51,45058365","-51.45058365109404, -22.15246176333975",453539,7550228
EE Pedro Tofano –Montalvão,34,35,41,25,7,6,148,219,2024,"-22,0511197","-51,34701711","-51.34701710876899, -22.0511197037584",464193,7561474
EE Placídio Braga Nogueira,163,47,27,19,5,10,271,376,2024,"-22,13864919","-51,37491486","-51.37491485903934, -22.13864918512999",461338,7551778
EE Tannel Abud,176,17,5,3,47,13,261,258,2024,"-22,11460143","-51,37609601","-51.37609600506788, -22.11460142859055",461210,7554440
EE Teófilo G. Santa Cruz (H.Salv),144,44,34,3,27,20,272,371,2024,"-22,0839433","-51,39647036","-51.3964703627401, -22.08394330419608",459099,7557828
EM Alayde T. F. Motta,121,33,24,30,17,94,335,319,2024,"-22,14473417","-51,38256092","-51.38256091616356, -22.14473416973062",460551,7551103
EM Alberto Bernardes Sotelo,97,6,14,0,5,23,146,161,2024,"-22,13978827","-51,35372317","-51.35372316886564, -22.13978827470154",463524,7551657
EM Antonio Moreira Lima,119,7,11,5,30,76,248,359,2024,"-22,16016961","-51,45548561","-51.45548561137047, -22.16016960807991",453037,7549373
EM Aparecida Alves,123,1,2,2,25,4,159,179,2024,"-22,14361969","-51,39497096","-51.39497095849231, -22.14361969237946",459271,7551223
EM Antônio Zacharias,89,12,10,5,31,60,207,255,2024,"-22,12341692","-51,42365376","-51.423653759150106, -22.123416918139267",456307,7553451
EM Aziz Felipe,90,0,0,12,5,12,119,350,2024,"-22,13422737","-51,3772764","-51.3772763958197, -22.13422737453585",461093,7552267
EM Benedita de Pádua Martins (Vó Dita),180,1,1,0,6,6,196,225,2024,"-22,09211286","-51,41869032","-51.41869032226062, -22.09211286296959",456810,7556918
EM Carla Simone da Silva Alves,125,0,3,0,14,1,146,171,2024,"-22,15147718","-51,45831302","-51.45831302410803, -22.15147718426324",452742,7550335
EM Carlo Ceriani,224,4,6,3,31,12,285,309,2024,"-22,09104298","-51,40282719","-51.40282718863248, -22.09104297945366",458446,7557040
EM Carlos A. A. Campos (Eneida),36,2,1,0,3,6,48,87,2024,"-21,91682868","-51,3019639","-51.30196390452799, -21.91682867862754",468812,7576348
EM Carlos Braga (Ameliópolis),18,1,0,0,0,2,21,44,2024,"-21,80226704","-51,29735029","-51.29735028788697, -21.80226703609472",469264,7589029
EM Carlos Castilho Cabral,174,45,4,3,29,161,416,323,2024,"-22,09901054","-51,39297155","-51.39297155109593, -22.09901054208509",459465,7556161
EM Carmem Pereira Delfim,135,40,8,4,56,74,317,307,2024,"-22,13491679","-51,38146344","-51.38146344184742, -22.13491678924642",460662,7552190
EM Catarina Martins Artero,208,31,53,12,45,142,491,417,2024,"-22,1101911","-51,38068432","-51.38068432225982, -22.11019110237303",460735,7554927
EM Dirce Mascarenhas,107,2,1,0,14,4,128,165,2024,"-22,09996723","-51,43427062","-51.43427062226029, -22.09996722788279",455205,7556044
EM Ditão,280,3,7,0,31,47,368,458,2024,"-22,10844038","-51,43157964","-51.43157963945204, -22.10844038037896",455485,7555107
EM Domingos F. de Medeiros,115,27,29,2,25,31,229,322,2024,"-22,1050689","-51,3892446","-51.38924460397457, -22.10506889832062",459851,7555491
EM Ederle Marangoni Dias,254,3,6,3,21,26,317,368,2024,"-22,10983998","-51,41971103","-51.41971103335685, -22.10983998169054",456710,7554955
EM Edna Carnelós Barbosa,140,0,1,1,18,1,161,133,2024,"-22,13865497","-51,38462796","-51.3846279645877, -22.13865497431422",460336,7551775
EM Eliane T de Araújo,107,2,6,0,13,16,146,145,2024,"-22,07478748","-51,38098596","-51.38098595824087, -22.07478747906466",460694,7558845
EM Eluísa R. Rodrigues,118,0,0,4,20,13,155,171,2024,"-22,11928173","-51,3870863","-51.38708629701948, -22.11928173266724",460077,7553919
EM Emilio Becker,126,15,27,4,55,74,301,397,2024,"-22,12770858","-51,377025","-51.37702499766941, -22.12770857779658",461117,7552989
EM Erika Portella Rodrigues,119,0,2,3,6,0,134,152,2024,"-22,13345791","-51,36547984","-51.36547983814849, -22.13345791005808",462310,7552355
EM Ettore Marangoni,106,24,44,24,30,8,236,300,2024,"-22,05108147","-51,34593889","-51.34593888602856, -22.05108146789168",464304,7561478
EM Eunice Menezes Educadora,62,4,0,1,8,2,79,102,2024,"-22,15015315","-51,37874701","-51.37874701301126, -22.15015314648558",460946,7550504
EM Francisca A. Góes Brandão,120,17,13,4,31,55,240,277,2024,"-22,13354296","-51,39984915","-51.39984915164156, -22.13354295954356",458765,7552337
EM Giseli Dalefi,387,17,22,1,93,71,591,690,2024,"-22,12946427","-51,44598922","-51.44598922040981, -22.12946427152818",454006,7552775
EM Ivo Garrido,172,30,15,3,43,34,297,349,2024,"-22,10222191","-51,43296095","-51.43296095109594, -22.10222191202309",455341,7555794
EM Ivan Jr,179,3,2,3,2,0,189,177,2024,"-22,08585398","-51,37597281","-51.37597280518723, -22.08585398096927",461214,7557622
EM João Bohac,110,1,16,2,11,22,162,198,2024,"-22,14261288","-51,38408509","-51.38408509342323, -22.14261287878046",460393,7551337
EM João Franco de Godoy,222,13,11,7,69,35,357,407,2024,"-22,11324649","-51,39544043","-51.39544042835509, -22.1132464852897",459214,7554585
EM João Sebastião Lisboa,229,8,5,2,48,8,300,354,2024,"-22,12213719","-51,39951685","-51.39951685164191, -22.12213719468566",458796,7553599
EM José Carlos João,172,15,19,2,56,67,331,395,2024,"-22,14243888","-51,39100198","-51.39100198417588, -22.14243887858406",459680,7551355
EM José Soares Marcondes,259,23,8,5,32,89,416,447,2024,"-22,11933127","-51,38298954","-51.38298954369755, -22.11933127012247",460500,7553914
EM Jovita Terin,172,3,11,10,9,0,205,248,2024,"-22,08693107","-51,38393579","-51.38393578993529, -22.08693107237039",460393,7557501
EM Julio Braga,114,9,2,1,7,6,143,161,2024,"-22,0838194","-51,39385336","-51.39385336100548, -22.083819404369105",459369,7557842
EM Juracy Menezes Peralta,182,48,42,3,57,24,356,417,2024,"-22,08627167","-51,39632847","-51.39632847068484, -22.0862716737455",459115,7557570
EM Karina Krasucki,305,3,5,1,24,30,372,461,2024,"-22,15950528","-51,45422221","-51.4542222130108, -22.1595052797793",453167,7549447
EM Krisan Martin,125,1,4,2,8,1,141,168,2024,"-22,12864525","-51,44684507","-51.44684507, -22.12864525",453917,7552866
EM Ludovica L. Rodrigues Pioneira,191,7,8,8,55,84,353,419,2024,"-22,13853535","-51,37437471","-51.37437471, -22.13853535",461394,7551791
EM Maria do Socorro B. Almeida,195,23,27,6,49,93,393,455,2024,"-22,11417447","-51,43143416","-51.43143416, -22.11417447",455502,7554472
EM Maria Edite T. Perrone,50,0,2,5,7,2,66,77,2024,"-22,15396427","-51,38158887","-51.38158887, -22.15396427",460654,7550081
EM Maria Haddad Haidamus,142,15,0,0,8,0,165,167,2024,"-22,11815423","-51,37419753","-51.37419753, -22.11815423",461406,7554047
EM Maria Isabel B. Negrão,278,11,8,0,72,57,426,491,2024,"-22,15900351","-51,45243652","-51.45243652, -22.15900351",453351,7549503
EM Maria Regina Dal Pogetto,58,21,0,0,5,2,86,104,2024,"-22,13362376","-51,42733621","-51.42733621, -22.13362376",455931,7552320
EM Mario Peretti,118,8,2,9,16,10,166,172,2024,"-22,07759997","-51,41393515","-51.41393514566024, -22.077599968343087",457296,7558525
EM Nair Lebrão,93,0,4,0,3,4,106,117,2024,"-22,11241179","-51,4316003","-51.4316003, -22.11241179",455484,7554667
EM Nazarena Zamit,178,1,6,8,19,17,235,303,2024,"-22,13891023","-51,37550388","-51.37550388, -22.13891023",461277,7551749
EM Ocyr Azevedo,101,19,11,21,36,62,250,242,2024,"-22,10965964","-51,41226432","-51.41226432, -22.10965964",457478,7554977
EM Odette Duarte da Costa,98,12,19,5,16,42,192,532,2024,"-22,0768845","-51,36046337","-51.36046337, -22.0768845",462812,7558619
EM Pedro Furquim,164,77,64,24,39,6,374,409,2024,"-22,12320378","-51,37495963","-51.37495963, -22.12320378",461329,7553488
EM Rosana Negrão,254,22,2,0,26,32,336,340,2024,"-22,08331327","-51,43151345","-51.43151345, -22.08331327",455484,7557888
EM Rosy Odethy R. Brandão,241,15,21,1,41,41,360,404,2024,"-22,09506859","-51,40325912","-51.40325912, -22.09506859",458402,7556595
EM Rot. Antônio Zacarias - Rotariano,89,12,10,5,31,60,207,255,2024,"-22,12341692","-51,42356793","-51.423567928459306, -22.123416918139267",456316,7553451
EM Rui Carlos V. Berbet,216,26,36,19,72,144,513,637,2024,"-22,08600556","-51,38078723","-51.38078723, -22.08600556",460718,7557604
EM Sylvia M.P. Faustino,77,1,2,5,5,4,95,120,2024,"-22,07027293","-51,38217668","-51.38217668427893, -22.07027292657825",460570,7559345
EM Vânia M.V. Aquotti,92,0,3,0,0,0,95,133,2024,"-22,11010054","-51,43699775","-51.43699775358699, -22.11010054203948",454927,7554921
EM Vilma Álvares Gonçalves,193,31,12,4,43,70,353,456,2024,"-22,1485129","-51,37363456","-51.37363456, -22.1485129",461473,7550687
EM Vilma G. Martinez (Cedral),220,0,8,2,30,18,278,305,2024,"-22,1193264","-51,42795136","-51.42795136, -22.1193264",455863,7553903
EM Vovó Silvéria,119,3,12,7,14,2,159,180,2024,"-22,08917001","-51,41278468","-51.41278468, -22.08917001",457418,7557245